[{"pk": 1, "model": "dataexplorer.target", "fields": {"name": "CoRoT 2", "rstar": 0.90200000000000002, "description": "This could be a paragraph about the star/planet written by us to introduce it. Lorem ipsum dolor sit amet, consectetur adipiscing elit. Nam euismod sodales neque eget blandit. Mauris placerat lorem quis mi iaculis ac luctus arcu dapibus. Pellentesque pellentesque ultrices fermentum. Pellentesque habitant morbi tristique senectus et netus et malesuada fames ac turpis egestas. Maecenas viverra congue dapibus. Integer suscipit venenatis erat ut tincidunt. Morbi luctus posuere nunc at placerat. Cras imperdiet nisl in ligula fermentum vel elementum magna vehicula. Praesent at orci orci. Pellentesque condimentum viverra neque scelerisque rhoncus. Donec suscipit elit id diam tempor faucibus. Vivamus sodales mollis bibendum.", "finderchart": "finderchart/corot2b.jpg", "magv": "12.57", "ap": 0.0281, "ra": "19:27:07", "finderchart_tb": "finderchart/thumb/corot2b-finder.thumb.jpg", "dec": "+01:23:01", "constellation": "Aquila", "inclination": 87.599999999999994}}, {"pk": 2, "model": "dataexplorer.target", "fields": {"name": "HAT-P-25", "rstar": 0.95899999999999996, "description": "Discovered using the transit method by the HATNet Project in Massachusetts on October 2, 2007.", "finderchart": "finderchart/Hat-P-25b-finder.jpg", "magv": "13.19", "ap": 0.046600000000000003, "ra": "03:13:45", "finderchart_tb": "finderchart/thumb/Hat-P-25b-finder-thumb2.jpg", "dec": "25:11:51", "constellation": "?", "inclination": 87.599999999999994}}, {"pk": 1, "model": "dataexplorer.event", "fields": {"xpos": 521, "end": "2011-05-09 16:00:53", "name": "corot2b", "title": "CoRoT 2b", "numobs": 13, "enabled": true, "midpoint": null, "ypos": 462, "illustration": "illustration/Corot7B.jpg", "start": "2011-05-09 16:00:53", "radius": 10, "finder": 21}}, {"pk": 2, "model": "dataexplorer.event", "fields": {"xpos": 670, "end": "2010-11-12 12:15:47", "name": "hatp25b", "title": "HAT-P-25b", "numobs": 109, "enabled": true, "midpoint": "2010-11-12 08:34:03", "ypos": 534, "illustration": "illustration/Hat-P-25b-finder-thumb2.jpg", "start": "2010-11-12 07:11:45", "radius": 10, "finder": 31}}, {"pk": 18, "model": "dataexplorer.datasource", "fields": {"target": 1, "telescopeid": "Faulkes Telescope North", "timestamp": "2009-06-04 11:40:29", "image": "/CoROT2b-SSP1/l_e_20090603_64_129_1_1.jpg", "fits": "/CoROT2b-SSP1/l_e_20090603_64_129_1_1.fits", "event": 1, "max_x": 1024, "max_y": 1026}}, {"pk": 19, "model": "dataexplorer.datasource", "fields": {"target": 1, "telescopeid": "Faulkes Telescope North", "timestamp": "2009-06-04 12:03:16", "image": "/CoROT2b-SSP1/l_e_20090603_64_172_1_1.jpg", "fits": "/CoROT2b-SSP1/l_e_20090603_64_172_1_1.fits", "event": 1, "max_x": 1024, "max_y": 1026}}, {"pk": 20, "model": "dataexplorer.datasource", "fields": {"target": 1, "telescopeid": "Faulkes Telescope North", "timestamp": "2009-06-04 12:10:40", "image": "/CoROT2b-SSP1/l_e_20090603_64_186_1_1.jpg", "fits": "/CoROT2b-SSP1/l_e_20090603_64_186_1_1.fits", "event": 1, "max_x": 1024, "max_y": 1026}}, {"pk": 21, "model": "dataexplorer.datasource", "fields": {"target": 1, "telescopeid": "Faulkes Telescope North", "timestamp": "2009-06-04 10:41:39", "image": "/CoROT2b-SSP1/l_e_20090603_64_18_1_1.jpg", "fits": "/CoROT2b-SSP1/l_e_20090603_64_18_1_1.fits", "event": 1, "max_x": 1024, "max_y": 1026}}, {"pk": 22, "model": "dataexplorer.datasource", "fields": {"target": 1, "telescopeid": "Faulkes Telescope North", "timestamp": "2009-06-04 12:24:29", "image": "/CoROT2b-SSP1/l_e_20090603_64_212_1_1.jpg", "fits": "/CoROT2b-SSP1/l_e_20090603_64_212_1_1.fits", "event": 1, "max_x": 1024, "max_y": 1026}}, {"pk": 23, "model": "dataexplorer.datasource", "fields": {"target": 1, "telescopeid": "Faulkes Telescope North", "timestamp": "2009-06-04 12:45:07", "image": "/CoROT2b-SSP1/l_e_20090603_64_251_1_1.jpg", "fits": "/CoROT2b-SSP1/l_e_20090603_64_251_1_1.fits", "event": 1, "max_x": 1024, "max_y": 1026}}, {"pk": 24, "model": "dataexplorer.datasource", "fields": {"target": 1, "telescopeid": "Faulkes Telescope North", "timestamp": "2009-06-04 13:03:42", "image": "/CoROT2b-SSP1/l_e_20090603_64_286_1_1.jpg", "fits": "/CoROT2b-SSP1/l_e_20090603_64_286_1_1.fits", "event": 1, "max_x": 1024, "max_y": 1026}}, {"pk": 25, "model": "dataexplorer.datasource", "fields": {"target": 1, "telescopeid": "Faulkes Telescope North", "timestamp": "2009-06-04 13:17:31", "image": "/CoROT2b-SSP1/l_e_20090603_64_312_1_1.jpg", "fits": "/CoROT2b-SSP1/l_e_20090603_64_312_1_1.fits", "event": 1, "max_x": 1024, "max_y": 1026}}, {"pk": 26, "model": "dataexplorer.datasource", "fields": {"target": 1, "telescopeid": "Faulkes Telescope North", "timestamp": "2009-06-04 13:36:39", "image": "/CoROT2b-SSP1/l_e_20090603_64_348_1_1.jpg", "fits": "/CoROT2b-SSP1/l_e_20090603_64_348_1_1.fits", "event": 1, "max_x": 1024, "max_y": 1026}}, {"pk": 27, "model": "dataexplorer.datasource", "fields": {"target": 1, "telescopeid": "Faulkes Telescope North", "timestamp": "2009-06-04 13:53:05", "image": "/CoROT2b-SSP1/l_e_20090603_64_379_1_1.jpg", "fits": "/CoROT2b-SSP1/l_e_20090603_64_379_1_1.fits", "event": 1, "max_x": 1024, "max_y": 1026}}, {"pk": 28, "model": "dataexplorer.datasource", "fields": {"target": 1, "telescopeid": "Faulkes Telescope North", "timestamp": "2009-06-04 14:09:03", "image": "/CoROT2b-SSP1/l_e_20090603_64_409_1_1.jpg", "fits": "/CoROT2b-SSP1/l_e_20090603_64_409_1_1.fits", "event": 1, "max_x": 1024, "max_y": 1026}}, {"pk": 29, "model": "dataexplorer.datasource", "fields": {"target": 1, "telescopeid": "Faulkes Telescope North", "timestamp": "2009-06-04 10:56:31", "image": "/CoROT2b-SSP1/l_e_20090603_64_46_1_1.jpg", "fits": "/CoROT2b-SSP1/l_e_20090603_64_46_1_1.fits", "event": 1, "max_x": 1024, "max_y": 1026}}, {"pk": 30, "model": "dataexplorer.datasource", "fields": {"target": 1, "telescopeid": "Faulkes Telescope North", "timestamp": "2009-06-04 11:22:59", "image": "/CoROT2b-SSP1/l_e_20090603_64_96_1_1.jpg", "fits": "/CoROT2b-SSP1/l_e_20090603_64_96_1_1.fits", "event": 1, "max_x": 1024, "max_y": 1026}}, {"pk": 31, "model": "dataexplorer.datasource", "fields": {"target": 2, "telescopeid": "SBA-0m8", "timestamp": "2010-11-12 07:11:45", "image": "/HAT-P-25/square/jpgs/c_e_20101111_hatp25-001_im180w.jpg", "fits": "/HAT-P-25/square/fits/c_e_20101111_hatp25-001_im180w.fits", "event": 2, "max_x": 1024, "max_y": 1024}}, {"pk": 32, "model": "dataexplorer.datasource", "fields": {"target": 2, "telescopeid": "SBA-0m8", "timestamp": "2010-11-12 07:14:31", "image": "/HAT-P-25/square/jpgs/c_e_20101111_hatp25-002_im180w.jpg", "fits": "/HAT-P-25/square/fits/c_e_20101111_hatp25-002_im180w.fits", "event": 2, "max_x": 1024, "max_y": 1024}}, {"pk": 33, "model": "dataexplorer.datasource", "fields": {"target": 2, "telescopeid": "SBA-0m8", "timestamp": "2010-11-12 07:19:51", "image": "/HAT-P-25/square/jpgs/c_e_20101111_hatp25-003_im180w.jpg", "fits": "/HAT-P-25/square/fits/c_e_20101111_hatp25-003_im180w.fits", "event": 2, "max_x": 1024, "max_y": 1024}}, {"pk": 34, "model": "dataexplorer.datasource", "fields": {"target": 2, "telescopeid": "SBA-0m8", "timestamp": "2010-11-12 07:23:20", "image": "/HAT-P-25/square/jpgs/c_e_20101111_hatp25-004_im180w.jpg", "fits": "/HAT-P-25/square/fits/c_e_20101111_hatp25-004_im180w.fits", "event": 2, "max_x": 1024, "max_y": 1024}}, {"pk": 35, "model": "dataexplorer.datasource", "fields": {"target": 2, "telescopeid": "SBA-0m8", "timestamp": "2010-11-12 07:25:56", "image": "/HAT-P-25/square/jpgs/c_e_20101111_hatp25-005_im180w.jpg", "fits": "/HAT-P-25/square/fits/c_e_20101111_hatp25-005_im180w.fits", "event": 2, "max_x": 1024, "max_y": 1024}}, {"pk": 36, "model": "dataexplorer.datasource", "fields": {"target": 2, "telescopeid": "SBA-0m8", "timestamp": "2010-11-12 07:28:18", "image": "/HAT-P-25/square/jpgs/c_e_20101111_hatp25-006_im180w.jpg", "fits": "/HAT-P-25/square/fits/c_e_20101111_hatp25-006_im180w.fits", "event": 2, "max_x": 1024, "max_y": 1024}}, {"pk": 37, "model": "dataexplorer.datasource", "fields": {"target": 2, "telescopeid": "SBA-0m8", "timestamp": "2010-11-12 07:33:01", "image": "/HAT-P-25/square/jpgs/c_e_20101111_hatp25-008_im180w.jpg", "fits": "/HAT-P-25/square/fits/c_e_20101111_hatp25-008_im180w.fits", "event": 2, "max_x": 1024, "max_y": 1024}}, {"pk": 38, "model": "dataexplorer.datasource", "fields": {"target": 2, "telescopeid": "SBA-0m8", "timestamp": "2010-11-12 07:35:33", "image": "/HAT-P-25/square/jpgs/c_e_20101111_hatp25-009_im180w.jpg", "fits": "/HAT-P-25/square/fits/c_e_20101111_hatp25-009_im180w.fits", "event": 2, "max_x": 1024, "max_y": 1024}}, {"pk": 39, "model": "dataexplorer.datasource", "fields": {"target": 2, "telescopeid": "SBA-0m8", "timestamp": "2010-11-12 07:38:02", "image": "/HAT-P-25/square/jpgs/c_e_20101111_hatp25-010_im180w.jpg", "fits": "/HAT-P-25/square/fits/c_e_20101111_hatp25-010_im180w.fits", "event": 2, "max_x": 1024, "max_y": 1024}}, {"pk": 40, "model": "dataexplorer.datasource", "fields": {"target": 2, "telescopeid": "SBA-0m8", "timestamp": "2010-11-12 07:40:30", "image": "/HAT-P-25/square/jpgs/c_e_20101111_hatp25-011_im180w.jpg", "fits": "/HAT-P-25/square/fits/c_e_20101111_hatp25-011_im180w.fits", "event": 2, "max_x": 1024, "max_y": 1024}}, {"pk": 41, "model": "dataexplorer.datasource", "fields": {"target": 2, "telescopeid": "SBA-0m8", "timestamp": "2010-11-12 07:42:55", "image": "/HAT-P-25/square/jpgs/c_e_20101111_hatp25-012_im180w.jpg", "fits": "/HAT-P-25/square/fits/c_e_20101111_hatp25-012_im180w.fits", "event": 2, "max_x": 1024, "max_y": 1024}}, {"pk": 42, "model": "dataexplorer.datasource", "fields": {"target": 2, "telescopeid": "SBA-0m8", "timestamp": "2010-11-12 07:45:26", "image": "/HAT-P-25/square/jpgs/c_e_20101111_hatp25-013_im180w.jpg", "fits": "/HAT-P-25/square/fits/c_e_20101111_hatp25-013_im180w.fits", "event": 2, "max_x": 1024, "max_y": 1024}}, {"pk": 43, "model": "dataexplorer.datasource", "fields": {"target": 2, "telescopeid": "SBA-0m8", "timestamp": "2010-11-12 07:47:50", "image": "/HAT-P-25/square/jpgs/c_e_20101111_hatp25-014_im180w.jpg", "fits": "/HAT-P-25/square/fits/c_e_20101111_hatp25-014_im180w.fits", "event": 2, "max_x": 1024, "max_y": 1024}}, {"pk": 44, "model": "dataexplorer.datasource", "fields": {"target": 2, "telescopeid": "SBA-0m8", "timestamp": "2010-11-12 07:50:14", "image": "/HAT-P-25/square/jpgs/c_e_20101111_hatp25-015_im180w.jpg", "fits": "/HAT-P-25/square/fits/c_e_20101111_hatp25-015_im180w.fits", "event": 2, "max_x": 1024, "max_y": 1024}}, {"pk": 45, "model": "dataexplorer.datasource", "fields": {"target": 2, "telescopeid": "SBA-0m8", "timestamp": "2010-11-12 07:52:46", "image": "/HAT-P-25/square/jpgs/c_e_20101111_hatp25-016_im180w.jpg", "fits": "/HAT-P-25/square/fits/c_e_20101111_hatp25-016_im180w.fits", "event": 2, "max_x": 1024, "max_y": 1024}}, {"pk": 46, "model": "dataexplorer.datasource", "fields": {"target": 2, "telescopeid": "SBA-0m8", "timestamp": "2010-11-12 07:55:11", "image": "/HAT-P-25/square/jpgs/c_e_20101111_hatp25-017_im180w.jpg", "fits": "/HAT-P-25/square/fits/c_e_20101111_hatp25-017_im180w.fits", "event": 2, "max_x": 1024, "max_y": 1024}}, {"pk": 47, "model": "dataexplorer.datasource", "fields": {"target": 2, "telescopeid": "SBA-0m8", "timestamp": "2010-11-12 07:59:59", "image": "/HAT-P-25/square/jpgs/c_e_20101111_hatp25-018_im180w.jpg", "fits": "/HAT-P-25/square/fits/c_e_20101111_hatp25-018_im180w.fits", "event": 2, "max_x": 1024, "max_y": 1024}}, {"pk": 48, "model": "dataexplorer.datasource", "fields": {"target": 2, "telescopeid": "SBA-0m8", "timestamp": "2010-11-12 08:02:23", "image": "/HAT-P-25/square/jpgs/c_e_20101111_hatp25-019_im180w.jpg", "fits": "/HAT-P-25/square/fits/c_e_20101111_hatp25-019_im180w.fits", "event": 2, "max_x": 1024, "max_y": 1024}}, {"pk": 49, "model": "dataexplorer.datasource", "fields": {"target": 2, "telescopeid": "SBA-0m8", "timestamp": "2010-11-12 08:04:48", "image": "/HAT-P-25/square/jpgs/c_e_20101111_hatp25-020_im180w.jpg", "fits": "/HAT-P-25/square/fits/c_e_20101111_hatp25-020_im180w.fits", "event": 2, "max_x": 1024, "max_y": 1024}}, {"pk": 50, "model": "dataexplorer.datasource", "fields": {"target": 2, "telescopeid": "SBA-0m8", "timestamp": "2010-11-12 08:09:30", "image": "/HAT-P-25/square/jpgs/c_e_20101111_hatp25-022_im180w.jpg", "fits": "/HAT-P-25/square/fits/c_e_20101111_hatp25-022_im180w.fits", "event": 2, "max_x": 1024, "max_y": 1024}}, {"pk": 51, "model": "dataexplorer.datasource", "fields": {"target": 2, "telescopeid": "SBA-0m8", "timestamp": "2010-11-12 08:11:57", "image": "/HAT-P-25/square/jpgs/c_e_20101111_hatp25-023_im180w.jpg", "fits": "/HAT-P-25/square/fits/c_e_20101111_hatp25-023_im180w.fits", "event": 2, "max_x": 1024, "max_y": 1024}}, {"pk": 52, "model": "dataexplorer.datasource", "fields": {"target": 2, "telescopeid": "SBA-0m8", "timestamp": "2010-11-12 08:14:21", "image": "/HAT-P-25/square/jpgs/c_e_20101111_hatp25-024_im180w.jpg", "fits": "/HAT-P-25/square/fits/c_e_20101111_hatp25-024_im180w.fits", "event": 2, "max_x": 1024, "max_y": 1024}}, {"pk": 53, "model": "dataexplorer.datasource", "fields": {"target": 2, "telescopeid": "SBA-0m8", "timestamp": "2010-11-12 08:16:47", "image": "/HAT-P-25/square/jpgs/c_e_20101111_hatp25-025_im180w.jpg", "fits": "/HAT-P-25/square/fits/c_e_20101111_hatp25-025_im180w.fits", "event": 2, "max_x": 1024, "max_y": 1024}}, {"pk": 54, "model": "dataexplorer.datasource", "fields": {"target": 2, "telescopeid": "SBA-0m8", "timestamp": "2010-11-12 08:19:13", "image": "/HAT-P-25/square/jpgs/c_e_20101111_hatp25-026_im180w.jpg", "fits": "/HAT-P-25/square/fits/c_e_20101111_hatp25-026_im180w.fits", "event": 2, "max_x": 1024, "max_y": 1024}}, {"pk": 55, "model": "dataexplorer.datasource", "fields": {"target": 2, "telescopeid": "SBA-0m8", "timestamp": "2010-11-12 08:21:40", "image": "/HAT-P-25/square/jpgs/c_e_20101111_hatp25-027_im180w.jpg", "fits": "/HAT-P-25/square/fits/c_e_20101111_hatp25-027_im180w.fits", "event": 2, "max_x": 1024, "max_y": 1024}}, {"pk": 56, "model": "dataexplorer.datasource", "fields": {"target": 2, "telescopeid": "SBA-0m8", "timestamp": "2010-11-12 08:24:14", "image": "/HAT-P-25/square/jpgs/c_e_20101111_hatp25-028_im180w.jpg", "fits": "/HAT-P-25/square/fits/c_e_20101111_hatp25-028_im180w.fits", "event": 2, "max_x": 1024, "max_y": 1024}}, {"pk": 57, "model": "dataexplorer.datasource", "fields": {"target": 2, "telescopeid": "SBA-0m8", "timestamp": "2010-11-12 08:26:45", "image": "/HAT-P-25/square/jpgs/c_e_20101111_hatp25-029_im180w.jpg", "fits": "/HAT-P-25/square/fits/c_e_20101111_hatp25-029_im180w.fits", "event": 2, "max_x": 1024, "max_y": 1024}}, {"pk": 58, "model": "dataexplorer.datasource", "fields": {"target": 2, "telescopeid": "SBA-0m8", "timestamp": "2010-11-12 08:29:09", "image": "/HAT-P-25/square/jpgs/c_e_20101111_hatp25-030_im180w.jpg", "fits": "/HAT-P-25/square/fits/c_e_20101111_hatp25-030_im180w.fits", "event": 2, "max_x": 1024, "max_y": 1024}}, {"pk": 59, "model": "dataexplorer.datasource", "fields": {"target": 2, "telescopeid": "SBA-0m8", "timestamp": "2010-11-12 08:31:37", "image": "/HAT-P-25/square/jpgs/c_e_20101111_hatp25-031_im180w.jpg", "fits": "/HAT-P-25/square/fits/c_e_20101111_hatp25-031_im180w.fits", "event": 2, "max_x": 1024, "max_y": 1024}}, {"pk": 60, "model": "dataexplorer.datasource", "fields": {"target": 2, "telescopeid": "SBA-0m8", "timestamp": "2010-11-12 08:34:04", "image": "/HAT-P-25/square/jpgs/c_e_20101111_hatp25-032_im180w.jpg", "fits": "/HAT-P-25/square/fits/c_e_20101111_hatp25-032_im180w.fits", "event": 2, "max_x": 1024, "max_y": 1024}}, {"pk": 61, "model": "dataexplorer.datasource", "fields": {"target": 2, "telescopeid": "SBA-0m8", "timestamp": "2010-11-12 08:36:34", "image": "/HAT-P-25/square/jpgs/c_e_20101111_hatp25-033_im180w.jpg", "fits": "/HAT-P-25/square/fits/c_e_20101111_hatp25-033_im180w.fits", "event": 2, "max_x": 1024, "max_y": 1024}}, {"pk": 62, "model": "dataexplorer.datasource", "fields": {"target": 2, "telescopeid": "SBA-0m8", "timestamp": "2010-11-12 08:39:06", "image": "/HAT-P-25/square/jpgs/c_e_20101111_hatp25-034_im180w.jpg", "fits": "/HAT-P-25/square/fits/c_e_20101111_hatp25-034_im180w.fits", "event": 2, "max_x": 1024, "max_y": 1024}}, {"pk": 63, "model": "dataexplorer.datasource", "fields": {"target": 2, "telescopeid": "SBA-0m8", "timestamp": "2010-11-12 08:46:34", "image": "/HAT-P-25/square/jpgs/c_e_20101111_hatp25-037_im180w.jpg", "fits": "/HAT-P-25/square/fits/c_e_20101111_hatp25-037_im180w.fits", "event": 2, "max_x": 1024, "max_y": 1024}}, {"pk": 64, "model": "dataexplorer.datasource", "fields": {"target": 2, "telescopeid": "SBA-0m8", "timestamp": "2010-11-12 08:49:00", "image": "/HAT-P-25/square/jpgs/c_e_20101111_hatp25-038_im180w.jpg", "fits": "/HAT-P-25/square/fits/c_e_20101111_hatp25-038_im180w.fits", "event": 2, "max_x": 1024, "max_y": 1024}}, {"pk": 65, "model": "dataexplorer.datasource", "fields": {"target": 2, "telescopeid": "SBA-0m8", "timestamp": "2010-11-12 08:51:26", "image": "/HAT-P-25/square/jpgs/c_e_20101111_hatp25-039_im180w.jpg", "fits": "/HAT-P-25/square/fits/c_e_20101111_hatp25-039_im180w.fits", "event": 2, "max_x": 1024, "max_y": 1024}}, {"pk": 66, "model": "dataexplorer.datasource", "fields": {"target": 2, "telescopeid": "SBA-0m8", "timestamp": "2010-11-12 08:53:53", "image": "/HAT-P-25/square/jpgs/c_e_20101111_hatp25-040_im180w.jpg", "fits": "/HAT-P-25/square/fits/c_e_20101111_hatp25-040_im180w.fits", "event": 2, "max_x": 1024, "max_y": 1024}}, {"pk": 67, "model": "dataexplorer.datasource", "fields": {"target": 2, "telescopeid": "SBA-0m8", "timestamp": "2010-11-12 08:57:25", "image": "/HAT-P-25/square/jpgs/c_e_20101111_hatp25-041_im180w.jpg", "fits": "/HAT-P-25/square/fits/c_e_20101111_hatp25-041_im180w.fits", "event": 2, "max_x": 1024, "max_y": 1024}}, {"pk": 68, "model": "dataexplorer.datasource", "fields": {"target": 2, "telescopeid": "SBA-0m8", "timestamp": "2010-11-12 08:59:53", "image": "/HAT-P-25/square/jpgs/c_e_20101111_hatp25-042_im180w.jpg", "fits": "/HAT-P-25/square/fits/c_e_20101111_hatp25-042_im180w.fits", "event": 2, "max_x": 1024, "max_y": 1024}}, {"pk": 69, "model": "dataexplorer.datasource", "fields": {"target": 2, "telescopeid": "SBA-0m8", "timestamp": "2010-11-12 09:02:19", "image": "/HAT-P-25/square/jpgs/c_e_20101111_hatp25-043_im180w.jpg", "fits": "/HAT-P-25/square/fits/c_e_20101111_hatp25-043_im180w.fits", "event": 2, "max_x": 1024, "max_y": 1024}}, {"pk": 70, "model": "dataexplorer.datasource", "fields": {"target": 2, "telescopeid": "SBA-0m8", "timestamp": "2010-11-12 09:04:46", "image": "/HAT-P-25/square/jpgs/c_e_20101111_hatp25-044_im180w.jpg", "fits": "/HAT-P-25/square/fits/c_e_20101111_hatp25-044_im180w.fits", "event": 2, "max_x": 1024, "max_y": 1024}}, {"pk": 71, "model": "dataexplorer.datasource", "fields": {"target": 2, "telescopeid": "SBA-0m8", "timestamp": "2010-11-12 09:07:17", "image": "/HAT-P-25/square/jpgs/c_e_20101111_hatp25-045_im180w.jpg", "fits": "/HAT-P-25/square/fits/c_e_20101111_hatp25-045_im180w.fits", "event": 2, "max_x": 1024, "max_y": 1024}}, {"pk": 72, "model": "dataexplorer.datasource", "fields": {"target": 2, "telescopeid": "SBA-0m8", "timestamp": "2010-11-12 09:09:43", "image": "/HAT-P-25/square/jpgs/c_e_20101111_hatp25-046_im180w.jpg", "fits": "/HAT-P-25/square/fits/c_e_20101111_hatp25-046_im180w.fits", "event": 2, "max_x": 1024, "max_y": 1024}}, {"pk": 73, "model": "dataexplorer.datasource", "fields": {"target": 2, "telescopeid": "SBA-0m8", "timestamp": "2010-11-12 09:12:16", "image": "/HAT-P-25/square/jpgs/c_e_20101111_hatp25-047_im180w.jpg", "fits": "/HAT-P-25/square/fits/c_e_20101111_hatp25-047_im180w.fits", "event": 2, "max_x": 1024, "max_y": 1024}}, {"pk": 74, "model": "dataexplorer.datasource", "fields": {"target": 2, "telescopeid": "SBA-0m8", "timestamp": "2010-11-12 09:17:12", "image": "/HAT-P-25/square/jpgs/c_e_20101111_hatp25-049_im180w.jpg", "fits": "/HAT-P-25/square/fits/c_e_20101111_hatp25-049_im180w.fits", "event": 2, "max_x": 1024, "max_y": 1024}}, {"pk": 75, "model": "dataexplorer.datasource", "fields": {"target": 2, "telescopeid": "SBA-0m8", "timestamp": "2010-11-12 09:22:02", "image": "/HAT-P-25/square/jpgs/c_e_20101111_hatp25-051_im180w.jpg", "fits": "/HAT-P-25/square/fits/c_e_20101111_hatp25-051_im180w.fits", "event": 2, "max_x": 1024, "max_y": 1024}}, {"pk": 76, "model": "dataexplorer.datasource", "fields": {"target": 2, "telescopeid": "SBA-0m8", "timestamp": "2010-11-12 09:24:29", "image": "/HAT-P-25/square/jpgs/c_e_20101111_hatp25-052_im180w.jpg", "fits": "/HAT-P-25/square/fits/c_e_20101111_hatp25-052_im180w.fits", "event": 2, "max_x": 1024, "max_y": 1024}}, {"pk": 77, "model": "dataexplorer.datasource", "fields": {"target": 2, "telescopeid": "SBA-0m8", "timestamp": "2010-11-12 09:26:54", "image": "/HAT-P-25/square/jpgs/c_e_20101111_hatp25-053_im180w.jpg", "fits": "/HAT-P-25/square/fits/c_e_20101111_hatp25-053_im180w.fits", "event": 2, "max_x": 1024, "max_y": 1024}}, {"pk": 78, "model": "dataexplorer.datasource", "fields": {"target": 2, "telescopeid": "SBA-0m8", "timestamp": "2010-11-12 09:29:18", "image": "/HAT-P-25/square/jpgs/c_e_20101111_hatp25-054_im180w.jpg", "fits": "/HAT-P-25/square/fits/c_e_20101111_hatp25-054_im180w.fits", "event": 2, "max_x": 1024, "max_y": 1024}}, {"pk": 79, "model": "dataexplorer.datasource", "fields": {"target": 2, "telescopeid": "SBA-0m8", "timestamp": "2010-11-12 09:31:53", "image": "/HAT-P-25/square/jpgs/c_e_20101111_hatp25-055_im180w.jpg", "fits": "/HAT-P-25/square/fits/c_e_20101111_hatp25-055_im180w.fits", "event": 2, "max_x": 1024, "max_y": 1024}}, {"pk": 80, "model": "dataexplorer.datasource", "fields": {"target": 2, "telescopeid": "SBA-0m8", "timestamp": "2010-11-12 09:34:26", "image": "/HAT-P-25/square/jpgs/c_e_20101111_hatp25-056_im180w.jpg", "fits": "/HAT-P-25/square/fits/c_e_20101111_hatp25-056_im180w.fits", "event": 2, "max_x": 1024, "max_y": 1024}}, {"pk": 81, "model": "dataexplorer.datasource", "fields": {"target": 2, "telescopeid": "SBA-0m8", "timestamp": "2010-11-12 09:37:01", "image": "/HAT-P-25/square/jpgs/c_e_20101111_hatp25-057_im180w.jpg", "fits": "/HAT-P-25/square/fits/c_e_20101111_hatp25-057_im180w.fits", "event": 2, "max_x": 1024, "max_y": 1024}}, {"pk": 82, "model": "dataexplorer.datasource", "fields": {"target": 2, "telescopeid": "SBA-0m8", "timestamp": "2010-11-12 09:39:26", "image": "/HAT-P-25/square/jpgs/c_e_20101111_hatp25-058_im180w.jpg", "fits": "/HAT-P-25/square/fits/c_e_20101111_hatp25-058_im180w.fits", "event": 2, "max_x": 1024, "max_y": 1024}}, {"pk": 83, "model": "dataexplorer.datasource", "fields": {"target": 2, "telescopeid": "SBA-0m8", "timestamp": "2010-11-12 09:41:52", "image": "/HAT-P-25/square/jpgs/c_e_20101111_hatp25-059_im180w.jpg", "fits": "/HAT-P-25/square/fits/c_e_20101111_hatp25-059_im180w.fits", "event": 2, "max_x": 1024, "max_y": 1024}}, {"pk": 84, "model": "dataexplorer.datasource", "fields": {"target": 2, "telescopeid": "SBA-0m8", "timestamp": "2010-11-12 09:44:19", "image": "/HAT-P-25/square/jpgs/c_e_20101111_hatp25-060_im180w.jpg", "fits": "/HAT-P-25/square/fits/c_e_20101111_hatp25-060_im180w.fits", "event": 2, "max_x": 1024, "max_y": 1024}}, {"pk": 85, "model": "dataexplorer.datasource", "fields": {"target": 2, "telescopeid": "SBA-0m8", "timestamp": "2010-11-12 09:46:52", "image": "/HAT-P-25/square/jpgs/c_e_20101111_hatp25-061_im180w.jpg", "fits": "/HAT-P-25/square/fits/c_e_20101111_hatp25-061_im180w.fits", "event": 2, "max_x": 1024, "max_y": 1024}}, {"pk": 86, "model": "dataexplorer.datasource", "fields": {"target": 2, "telescopeid": "SBA-0m8", "timestamp": "2010-11-12 09:49:17", "image": "/HAT-P-25/square/jpgs/c_e_20101111_hatp25-062_im180w.jpg", "fits": "/HAT-P-25/square/fits/c_e_20101111_hatp25-062_im180w.fits", "event": 2, "max_x": 1024, "max_y": 1024}}, {"pk": 87, "model": "dataexplorer.datasource", "fields": {"target": 2, "telescopeid": "SBA-0m8", "timestamp": "2010-11-12 09:51:40", "image": "/HAT-P-25/square/jpgs/c_e_20101111_hatp25-063_im180w.jpg", "fits": "/HAT-P-25/square/fits/c_e_20101111_hatp25-063_im180w.fits", "event": 2, "max_x": 1024, "max_y": 1024}}, {"pk": 88, "model": "dataexplorer.datasource", "fields": {"target": 2, "telescopeid": "SBA-0m8", "timestamp": "2010-11-12 09:54:06", "image": "/HAT-P-25/square/jpgs/c_e_20101111_hatp25-064_im180w.jpg", "fits": "/HAT-P-25/square/fits/c_e_20101111_hatp25-064_im180w.fits", "event": 2, "max_x": 1024, "max_y": 1024}}, {"pk": 89, "model": "dataexplorer.datasource", "fields": {"target": 2, "telescopeid": "SBA-0m8", "timestamp": "2010-11-12 09:56:41", "image": "/HAT-P-25/square/jpgs/c_e_20101111_hatp25-065_im180w.jpg", "fits": "/HAT-P-25/square/fits/c_e_20101111_hatp25-065_im180w.fits", "event": 2, "max_x": 1024, "max_y": 1024}}, {"pk": 90, "model": "dataexplorer.datasource", "fields": {"target": 2, "telescopeid": "SBA-0m8", "timestamp": "2010-11-12 09:59:08", "image": "/HAT-P-25/square/jpgs/c_e_20101111_hatp25-066_im180w.jpg", "fits": "/HAT-P-25/square/fits/c_e_20101111_hatp25-066_im180w.fits", "event": 2, "max_x": 1024, "max_y": 1024}}, {"pk": 91, "model": "dataexplorer.datasource", "fields": {"target": 2, "telescopeid": "SBA-0m8", "timestamp": "2010-11-12 10:03:53", "image": "/HAT-P-25/square/jpgs/c_e_20101111_hatp25-068_im180w.jpg", "fits": "/HAT-P-25/square/fits/c_e_20101111_hatp25-068_im180w.fits", "event": 2, "max_x": 1024, "max_y": 1024}}, {"pk": 92, "model": "dataexplorer.datasource", "fields": {"target": 2, "telescopeid": "SBA-0m8", "timestamp": "2010-11-12 10:06:21", "image": "/HAT-P-25/square/jpgs/c_e_20101111_hatp25-069_im180w.jpg", "fits": "/HAT-P-25/square/fits/c_e_20101111_hatp25-069_im180w.fits", "event": 2, "max_x": 1024, "max_y": 1024}}, {"pk": 93, "model": "dataexplorer.datasource", "fields": {"target": 2, "telescopeid": "SBA-0m8", "timestamp": "2010-11-12 10:08:47", "image": "/HAT-P-25/square/jpgs/c_e_20101111_hatp25-070_im180w.jpg", "fits": "/HAT-P-25/square/fits/c_e_20101111_hatp25-070_im180w.fits", "event": 2, "max_x": 1024, "max_y": 1024}}, {"pk": 94, "model": "dataexplorer.datasource", "fields": {"target": 2, "telescopeid": "SBA-0m8", "timestamp": "2010-11-12 10:11:15", "image": "/HAT-P-25/square/jpgs/c_e_20101111_hatp25-071_im180w.jpg", "fits": "/HAT-P-25/square/fits/c_e_20101111_hatp25-071_im180w.fits", "event": 2, "max_x": 1024, "max_y": 1024}}, {"pk": 95, "model": "dataexplorer.datasource", "fields": {"target": 2, "telescopeid": "SBA-0m8", "timestamp": "2010-11-12 10:13:38", "image": "/HAT-P-25/square/jpgs/c_e_20101111_hatp25-072_im180w.jpg", "fits": "/HAT-P-25/square/fits/c_e_20101111_hatp25-072_im180w.fits", "event": 2, "max_x": 1024, "max_y": 1024}}, {"pk": 96, "model": "dataexplorer.datasource", "fields": {"target": 2, "telescopeid": "SBA-0m8", "timestamp": "2010-11-12 10:18:31", "image": "/HAT-P-25/square/jpgs/c_e_20101111_hatp25-074_im180w.jpg", "fits": "/HAT-P-25/square/fits/c_e_20101111_hatp25-074_im180w.fits", "event": 2, "max_x": 1024, "max_y": 1024}}, {"pk": 97, "model": "dataexplorer.datasource", "fields": {"target": 2, "telescopeid": "SBA-0m8", "timestamp": "2010-11-12 10:23:14", "image": "/HAT-P-25/square/jpgs/c_e_20101111_hatp25-076_im180w.jpg", "fits": "/HAT-P-25/square/fits/c_e_20101111_hatp25-076_im180w.fits", "event": 2, "max_x": 1024, "max_y": 1024}}, {"pk": 98, "model": "dataexplorer.datasource", "fields": {"target": 2, "telescopeid": "SBA-0m8", "timestamp": "2010-11-12 10:25:40", "image": "/HAT-P-25/square/jpgs/c_e_20101111_hatp25-077_im180w.jpg", "fits": "/HAT-P-25/square/fits/c_e_20101111_hatp25-077_im180w.fits", "event": 2, "max_x": 1024, "max_y": 1024}}, {"pk": 99, "model": "dataexplorer.datasource", "fields": {"target": 2, "telescopeid": "SBA-0m8", "timestamp": "2010-11-12 10:30:26", "image": "/HAT-P-25/square/jpgs/c_e_20101111_hatp25-079_im180w.jpg", "fits": "/HAT-P-25/square/fits/c_e_20101111_hatp25-079_im180w.fits", "event": 2, "max_x": 1024, "max_y": 1024}}, {"pk": 100, "model": "dataexplorer.datasource", "fields": {"target": 2, "telescopeid": "SBA-0m8", "timestamp": "2010-11-12 10:33:01", "image": "/HAT-P-25/square/jpgs/c_e_20101111_hatp25-080_im180w.jpg", "fits": "/HAT-P-25/square/fits/c_e_20101111_hatp25-080_im180w.fits", "event": 2, "max_x": 1024, "max_y": 1024}}, {"pk": 101, "model": "dataexplorer.datasource", "fields": {"target": 2, "telescopeid": "SBA-0m8", "timestamp": "2010-11-12 10:35:28", "image": "/HAT-P-25/square/jpgs/c_e_20101111_hatp25-081_im180w.jpg", "fits": "/HAT-P-25/square/fits/c_e_20101111_hatp25-081_im180w.fits", "event": 2, "max_x": 1024, "max_y": 1024}}, {"pk": 102, "model": "dataexplorer.datasource", "fields": {"target": 2, "telescopeid": "SBA-0m8", "timestamp": "2010-11-12 10:37:57", "image": "/HAT-P-25/square/jpgs/c_e_20101111_hatp25-082_im180w.jpg", "fits": "/HAT-P-25/square/fits/c_e_20101111_hatp25-082_im180w.fits", "event": 2, "max_x": 1024, "max_y": 1024}}, {"pk": 103, "model": "dataexplorer.datasource", "fields": {"target": 2, "telescopeid": "SBA-0m8", "timestamp": "2010-11-12 10:40:22", "image": "/HAT-P-25/square/jpgs/c_e_20101111_hatp25-083_im180w.jpg", "fits": "/HAT-P-25/square/fits/c_e_20101111_hatp25-083_im180w.fits", "event": 2, "max_x": 1024, "max_y": 1024}}, {"pk": 104, "model": "dataexplorer.datasource", "fields": {"target": 2, "telescopeid": "SBA-0m8", "timestamp": "2010-11-12 10:42:48", "image": "/HAT-P-25/square/jpgs/c_e_20101111_hatp25-084_im180w.jpg", "fits": "/HAT-P-25/square/fits/c_e_20101111_hatp25-084_im180w.fits", "event": 2, "max_x": 1024, "max_y": 1024}}, {"pk": 105, "model": "dataexplorer.datasource", "fields": {"target": 2, "telescopeid": "SBA-0m8", "timestamp": "2010-11-12 10:45:15", "image": "/HAT-P-25/square/jpgs/c_e_20101111_hatp25-085_im180w.jpg", "fits": "/HAT-P-25/square/fits/c_e_20101111_hatp25-085_im180w.fits", "event": 2, "max_x": 1024, "max_y": 1024}}, {"pk": 106, "model": "dataexplorer.datasource", "fields": {"target": 2, "telescopeid": "SBA-0m8", "timestamp": "2010-11-12 10:47:43", "image": "/HAT-P-25/square/jpgs/c_e_20101111_hatp25-086_im180w.jpg", "fits": "/HAT-P-25/square/fits/c_e_20101111_hatp25-086_im180w.fits", "event": 2, "max_x": 1024, "max_y": 1024}}, {"pk": 107, "model": "dataexplorer.datasource", "fields": {"target": 2, "telescopeid": "SBA-0m8", "timestamp": "2010-11-12 10:50:10", "image": "/HAT-P-25/square/jpgs/c_e_20101111_hatp25-087_im180w.jpg", "fits": "/HAT-P-25/square/fits/c_e_20101111_hatp25-087_im180w.fits", "event": 2, "max_x": 1024, "max_y": 1024}}, {"pk": 108, "model": "dataexplorer.datasource", "fields": {"target": 2, "telescopeid": "SBA-0m8", "timestamp": "2010-11-12 10:52:38", "image": "/HAT-P-25/square/jpgs/c_e_20101111_hatp25-088_im180w.jpg", "fits": "/HAT-P-25/square/fits/c_e_20101111_hatp25-088_im180w.fits", "event": 2, "max_x": 1024, "max_y": 1024}}, {"pk": 109, "model": "dataexplorer.datasource", "fields": {"target": 2, "telescopeid": "SBA-0m8", "timestamp": "2010-11-12 10:55:18", "image": "/HAT-P-25/square/jpgs/c_e_20101111_hatp25-089_im180w.jpg", "fits": "/HAT-P-25/square/fits/c_e_20101111_hatp25-089_im180w.fits", "event": 2, "max_x": 1024, "max_y": 1024}}, {"pk": 110, "model": "dataexplorer.datasource", "fields": {"target": 2, "telescopeid": "SBA-0m8", "timestamp": "2010-11-12 10:57:54", "image": "/HAT-P-25/square/jpgs/c_e_20101111_hatp25-090_im180w.jpg", "fits": "/HAT-P-25/square/fits/c_e_20101111_hatp25-090_im180w.fits", "event": 2, "max_x": 1024, "max_y": 1024}}, {"pk": 111, "model": "dataexplorer.datasource", "fields": {"target": 2, "telescopeid": "SBA-0m8", "timestamp": "2010-11-12 11:00:21", "image": "/HAT-P-25/square/jpgs/c_e_20101111_hatp25-091_im180w.jpg", "fits": "/HAT-P-25/square/fits/c_e_20101111_hatp25-091_im180w.fits", "event": 2, "max_x": 1024, "max_y": 1024}}, {"pk": 112, "model": "dataexplorer.datasource", "fields": {"target": 2, "telescopeid": "SBA-0m8", "timestamp": "2010-11-12 11:05:08", "image": "/HAT-P-25/square/jpgs/c_e_20101111_hatp25-093_im180w.jpg", "fits": "/HAT-P-25/square/fits/c_e_20101111_hatp25-093_im180w.fits", "event": 2, "max_x": 1024, "max_y": 1024}}, {"pk": 113, "model": "dataexplorer.datasource", "fields": {"target": 2, "telescopeid": "SBA-0m8", "timestamp": "2010-11-12 11:07:32", "image": "/HAT-P-25/square/jpgs/c_e_20101111_hatp25-094_im180w.jpg", "fits": "/HAT-P-25/square/fits/c_e_20101111_hatp25-094_im180w.fits", "event": 2, "max_x": 1024, "max_y": 1024}}, {"pk": 114, "model": "dataexplorer.datasource", "fields": {"target": 2, "telescopeid": "SBA-0m8", "timestamp": "2010-11-12 11:10:04", "image": "/HAT-P-25/square/jpgs/c_e_20101111_hatp25-095_im180w.jpg", "fits": "/HAT-P-25/square/fits/c_e_20101111_hatp25-095_im180w.fits", "event": 2, "max_x": 1024, "max_y": 1024}}, {"pk": 115, "model": "dataexplorer.datasource", "fields": {"target": 2, "telescopeid": "SBA-0m8", "timestamp": "2010-11-12 11:12:31", "image": "/HAT-P-25/square/jpgs/c_e_20101111_hatp25-096_im180w.jpg", "fits": "/HAT-P-25/square/fits/c_e_20101111_hatp25-096_im180w.fits", "event": 2, "max_x": 1024, "max_y": 1024}}, {"pk": 116, "model": "dataexplorer.datasource", "fields": {"target": 2, "telescopeid": "SBA-0m8", "timestamp": "2010-11-12 11:15:00", "image": "/HAT-P-25/square/jpgs/c_e_20101111_hatp25-097_im180w.jpg", "fits": "/HAT-P-25/square/fits/c_e_20101111_hatp25-097_im180w.fits", "event": 2, "max_x": 1024, "max_y": 1024}}, {"pk": 117, "model": "dataexplorer.datasource", "fields": {"target": 2, "telescopeid": "SBA-0m8", "timestamp": "2010-11-12 11:17:25", "image": "/HAT-P-25/square/jpgs/c_e_20101111_hatp25-098_im180w.jpg", "fits": "/HAT-P-25/square/fits/c_e_20101111_hatp25-098_im180w.fits", "event": 2, "max_x": 1024, "max_y": 1024}}, {"pk": 118, "model": "dataexplorer.datasource", "fields": {"target": 2, "telescopeid": "SBA-0m8", "timestamp": "2010-11-12 11:22:10", "image": "/HAT-P-25/square/jpgs/c_e_20101111_hatp25-100_im180w.jpg", "fits": "/HAT-P-25/square/fits/c_e_20101111_hatp25-100_im180w.fits", "event": 2, "max_x": 1024, "max_y": 1024}}, {"pk": 119, "model": "dataexplorer.datasource", "fields": {"target": 2, "telescopeid": "SBA-0m8", "timestamp": "2010-11-12 11:24:43", "image": "/HAT-P-25/square/jpgs/c_e_20101111_hatp25-101_im180w.jpg", "fits": "/HAT-P-25/square/fits/c_e_20101111_hatp25-101_im180w.fits", "event": 2, "max_x": 1024, "max_y": 1024}}, {"pk": 120, "model": "dataexplorer.datasource", "fields": {"target": 2, "telescopeid": "SBA-0m8", "timestamp": "2010-11-12 11:27:11", "image": "/HAT-P-25/square/jpgs/c_e_20101111_hatp25-102_im180w.jpg", "fits": "/HAT-P-25/square/fits/c_e_20101111_hatp25-102_im180w.fits", "event": 2, "max_x": 1024, "max_y": 1024}}, {"pk": 121, "model": "dataexplorer.datasource", "fields": {"target": 2, "telescopeid": "SBA-0m8", "timestamp": "2010-11-12 11:31:54", "image": "/HAT-P-25/square/jpgs/c_e_20101111_hatp25-104_im180w.jpg", "fits": "/HAT-P-25/square/fits/c_e_20101111_hatp25-104_im180w.fits", "event": 2, "max_x": 1024, "max_y": 1024}}, {"pk": 122, "model": "dataexplorer.datasource", "fields": {"target": 2, "telescopeid": "SBA-0m8", "timestamp": "2010-11-12 11:34:19", "image": "/HAT-P-25/square/jpgs/c_e_20101111_hatp25-105_im180w.jpg", "fits": "/HAT-P-25/square/fits/c_e_20101111_hatp25-105_im180w.fits", "event": 2, "max_x": 1024, "max_y": 1024}}, {"pk": 123, "model": "dataexplorer.datasource", "fields": {"target": 2, "telescopeid": "SBA-0m8", "timestamp": "2010-11-12 11:36:45", "image": "/HAT-P-25/square/jpgs/c_e_20101111_hatp25-106_im180w.jpg", "fits": "/HAT-P-25/square/fits/c_e_20101111_hatp25-106_im180w.fits", "event": 2, "max_x": 1024, "max_y": 1024}}, {"pk": 124, "model": "dataexplorer.datasource", "fields": {"target": 2, "telescopeid": "SBA-0m8", "timestamp": "2010-11-12 11:39:11", "image": "/HAT-P-25/square/jpgs/c_e_20101111_hatp25-107_im180w.jpg", "fits": "/HAT-P-25/square/fits/c_e_20101111_hatp25-107_im180w.fits", "event": 2, "max_x": 1024, "max_y": 1024}}, {"pk": 125, "model": "dataexplorer.datasource", "fields": {"target": 2, "telescopeid": "SBA-0m8", "timestamp": "2010-11-12 11:41:44", "image": "/HAT-P-25/square/jpgs/c_e_20101111_hatp25-108_im180w.jpg", "fits": "/HAT-P-25/square/fits/c_e_20101111_hatp25-108_im180w.fits", "event": 2, "max_x": 1024, "max_y": 1024}}, {"pk": 126, "model": "dataexplorer.datasource", "fields": {"target": 2, "telescopeid": "SBA-0m8", "timestamp": "2010-11-12 11:44:10", "image": "/HAT-P-25/square/jpgs/c_e_20101111_hatp25-109_im180w.jpg", "fits": "/HAT-P-25/square/fits/c_e_20101111_hatp25-109_im180w.fits", "event": 2, "max_x": 1024, "max_y": 1024}}, {"pk": 127, "model": "dataexplorer.datasource", "fields": {"target": 2, "telescopeid": "SBA-0m8", "timestamp": "2010-11-12 11:46:36", "image": "/HAT-P-25/square/jpgs/c_e_20101111_hatp25-110_im180w.jpg", "fits": "/HAT-P-25/square/fits/c_e_20101111_hatp25-110_im180w.fits", "event": 2, "max_x": 1024, "max_y": 1024}}, {"pk": 128, "model": "dataexplorer.datasource", "fields": {"target": 2, "telescopeid": "SBA-0m8", "timestamp": "2010-11-12 11:49:01", "image": "/HAT-P-25/square/jpgs/c_e_20101111_hatp25-111_im180w.jpg", "fits": "/HAT-P-25/square/fits/c_e_20101111_hatp25-111_im180w.fits", "event": 2, "max_x": 1024, "max_y": 1024}}, {"pk": 129, "model": "dataexplorer.datasource", "fields": {"target": 2, "telescopeid": "SBA-0m8", "timestamp": "2010-11-12 11:51:26", "image": "/HAT-P-25/square/jpgs/c_e_20101111_hatp25-112_im180w.jpg", "fits": "/HAT-P-25/square/fits/c_e_20101111_hatp25-112_im180w.fits", "event": 2, "max_x": 1024, "max_y": 1024}}, {"pk": 130, "model": "dataexplorer.datasource", "fields": {"target": 2, "telescopeid": "SBA-0m8", "timestamp": "2010-11-12 11:53:51", "image": "/HAT-P-25/square/jpgs/c_e_20101111_hatp25-113_im180w.jpg", "fits": "/HAT-P-25/square/fits/c_e_20101111_hatp25-113_im180w.fits", "event": 2, "max_x": 1024, "max_y": 1024}}, {"pk": 131, "model": "dataexplorer.datasource", "fields": {"target": 2, "telescopeid": "SBA-0m8", "timestamp": "2010-11-12 11:56:18", "image": "/HAT-P-25/square/jpgs/c_e_20101111_hatp25-114_im180w.jpg", "fits": "/HAT-P-25/square/fits/c_e_20101111_hatp25-114_im180w.fits", "event": 2, "max_x": 1024, "max_y": 1024}}, {"pk": 132, "model": "dataexplorer.datasource", "fields": {"target": 2, "telescopeid": "SBA-0m8", "timestamp": "2010-11-12 11:58:42", "image": "/HAT-P-25/square/jpgs/c_e_20101111_hatp25-115_im180w.jpg", "fits": "/HAT-P-25/square/fits/c_e_20101111_hatp25-115_im180w.fits", "event": 2, "max_x": 1024, "max_y": 1024}}, {"pk": 133, "model": "dataexplorer.datasource", "fields": {"target": 2, "telescopeid": "SBA-0m8", "timestamp": "2010-11-12 12:01:06", "image": "/HAT-P-25/square/jpgs/c_e_20101111_hatp25-116_im180w.jpg", "fits": "/HAT-P-25/square/fits/c_e_20101111_hatp25-116_im180w.fits", "event": 2, "max_x": 1024, "max_y": 1024}}, {"pk": 134, "model": "dataexplorer.datasource", "fields": {"target": 2, "telescopeid": "SBA-0m8", "timestamp": "2010-11-12 12:03:31", "image": "/HAT-P-25/square/jpgs/c_e_20101111_hatp25-117_im180w.jpg", "fits": "/HAT-P-25/square/fits/c_e_20101111_hatp25-117_im180w.fits", "event": 2, "max_x": 1024, "max_y": 1024}}, {"pk": 135, "model": "dataexplorer.datasource", "fields": {"target": 2, "telescopeid": "SBA-0m8", "timestamp": "2010-11-12 12:05:55", "image": "/HAT-P-25/square/jpgs/c_e_20101111_hatp25-118_im180w.jpg", "fits": "/HAT-P-25/square/fits/c_e_20101111_hatp25-118_im180w.fits", "event": 2, "max_x": 1024, "max_y": 1024}}, {"pk": 136, "model": "dataexplorer.datasource", "fields": {"target": 2, "telescopeid": "SBA-0m8", "timestamp": "2010-11-12 12:08:23", "image": "/HAT-P-25/square/jpgs/c_e_20101111_hatp25-119_im180w.jpg", "fits": "/HAT-P-25/square/fits/c_e_20101111_hatp25-119_im180w.fits", "event": 2, "max_x": 1024, "max_y": 1024}}, {"pk": 137, "model": "dataexplorer.datasource", "fields": {"target": 2, "telescopeid": "SBA-0m8", "timestamp": "2010-11-12 12:10:51", "image": "/HAT-P-25/square/jpgs/c_e_20101111_hatp25-120_im180w.jpg", "fits": "/HAT-P-25/square/fits/c_e_20101111_hatp25-120_im180w.fits", "event": 2, "max_x": 1024, "max_y": 1024}}, {"pk": 138, "model": "dataexplorer.datasource", "fields": {"target": 2, "telescopeid": "SBA-0m8", "timestamp": "2010-11-12 12:13:15", "image": "/HAT-P-25/square/jpgs/c_e_20101111_hatp25-121_im180w.jpg", "fits": "/HAT-P-25/square/fits/c_e_20101111_hatp25-121_im180w.fits", "event": 2, "max_x": 1024, "max_y": 1024}}, {"pk": 139, "model": "dataexplorer.datasource", "fields": {"target": 2, "telescopeid": "SBA-0m8", "timestamp": "2010-11-12 12:15:47", "image": "/HAT-P-25/square/jpgs/c_e_20101111_hatp25-122_im180w.jpg", "fits": "/HAT-P-25/square/fits/c_e_20101111_hatp25-122_im180w.fits", "event": 2, "max_x": 1024, "max_y": 1024}}, {"pk": 1, "model": "dataexplorer.catsource", "fields": {"catalogue": "USNO-A2", "xpos": 1012, "data": 22, "name": "0900-15114246", "ypos": 222}}, {"pk": 2, "model": "dataexplorer.catsource", "fields": {"catalogue": "USNO-A2", "xpos": 1013, "data": 22, "name": "0900-15114250", "ypos": 535}}, {"pk": 3, "model": "dataexplorer.catsource", "fields": {"catalogue": "USNO-A2", "xpos": 1006, "data": 22, "name": "0900-15114372", "ypos": 131}}, {"pk": 4, "model": "dataexplorer.catsource", "fields": {"catalogue": "USNO-A2", "xpos": 1007, "data": 22, "name": "0900-15114374", "ypos": 452}}, {"pk": 5, "model": "dataexplorer.catsource", "fields": {"catalogue": "USNO-A2", "xpos": 1006, "data": 22, "name": "0900-15114389", "ypos": 163}}, {"pk": 6, "model": "dataexplorer.catsource", "fields": {"catalogue": "USNO-A2", "xpos": 1005, "data": 22, "name": "0900-15114417", "ypos": 141}}, {"pk": 7, "model": "dataexplorer.catsource", "fields": {"catalogue": "USNO-A2", "xpos": 1002, "data": 22, "name": "0900-15114512", "ypos": 506}}, {"pk": 8, "model": "dataexplorer.catsource", "fields": {"catalogue": "USNO-A2", "xpos": 999, "data": 22, "name": "0900-15114589", "ypos": 737}}, {"pk": 9, "model": "dataexplorer.catsource", "fields": {"catalogue": "USNO-A2", "xpos": 995, "data": 22, "name": "0900-15114641", "ypos": 248}}, {"pk": 10, "model": "dataexplorer.catsource", "fields": {"catalogue": "USNO-A2", "xpos": 991, "data": 22, "name": "0900-15114814", "ypos": 875}}, {"pk": 11, "model": "dataexplorer.catsource", "fields": {"catalogue": "USNO-A2", "xpos": 988, "data": 22, "name": "0900-15114842", "ypos": 447}}, {"pk": 12, "model": "dataexplorer.catsource", "fields": {"catalogue": "USNO-A2", "xpos": 986, "data": 22, "name": "0900-15114857", "ypos": 348}}, {"pk": 13, "model": "dataexplorer.catsource", "fields": {"catalogue": "USNO-A2", "xpos": 987, "data": 22, "name": "0900-15114870", "ypos": 482}}, {"pk": 14, "model": "dataexplorer.catsource", "fields": {"catalogue": "USNO-A2", "xpos": 985, "data": 22, "name": "0900-15114926", "ypos": 649}}, {"pk": 15, "model": "dataexplorer.catsource", "fields": {"catalogue": "USNO-A2", "xpos": 979, "data": 22, "name": "0900-15115034", "ypos": 443}}, {"pk": 16, "model": "dataexplorer.catsource", "fields": {"catalogue": "USNO-A2", "xpos": 976, "data": 22, "name": "0900-15115049", "ypos": 45}}, {"pk": 17, "model": "dataexplorer.catsource", "fields": {"catalogue": "USNO-A2", "xpos": 975, "data": 22, "name": "0900-15115153", "ypos": 780}}, {"pk": 18, "model": "dataexplorer.catsource", "fields": {"catalogue": "USNO-A2", "xpos": 971, "data": 22, "name": "0900-15115212", "ypos": 69}}, {"pk": 19, "model": "dataexplorer.catsource", "fields": {"catalogue": "USNO-A2", "xpos": 972, "data": 22, "name": "0900-15115229", "ypos": 560}}, {"pk": 20, "model": "dataexplorer.catsource", "fields": {"catalogue": "USNO-A2", "xpos": 961, "data": 22, "name": "0900-15115457", "ypos": 601}}, {"pk": 21, "model": "dataexplorer.catsource", "fields": {"catalogue": "USNO-A2", "xpos": 962, "data": 22, "name": "0900-15115486", "ypos": 908}}, {"pk": 22, "model": "dataexplorer.catsource", "fields": {"catalogue": "USNO-A2", "xpos": 957, "data": 22, "name": "0900-15115606", "ypos": 952}}, {"pk": 23, "model": "dataexplorer.catsource", "fields": {"catalogue": "USNO-A2", "xpos": 952, "data": 22, "name": "0900-15115673", "ypos": 592}}, {"pk": 24, "model": "dataexplorer.catsource", "fields": {"catalogue": "USNO-A2", "xpos": 937, "data": 22, "name": "0900-15116003", "ypos": 272}}, {"pk": 25, "model": "dataexplorer.catsource", "fields": {"catalogue": "USNO-A2", "xpos": 936, "data": 22, "name": "0900-15116079", "ypos": 709}}, {"pk": 26, "model": "dataexplorer.catsource", "fields": {"catalogue": "USNO-A2", "xpos": 925, "data": 22, "name": "0900-15116342", "ypos": 452}}, {"pk": 27, "model": "dataexplorer.catsource", "fields": {"catalogue": "USNO-A2", "xpos": 917, "data": 22, "name": "0900-15116518", "ypos": 622}}, {"pk": 28, "model": "dataexplorer.catsource", "fields": {"catalogue": "USNO-A2", "xpos": 914, "data": 22, "name": "0900-15116639", "ypos": 822}}, {"pk": 29, "model": "dataexplorer.catsource", "fields": {"catalogue": "USNO-A2", "xpos": 912, "data": 22, "name": "0900-15116675", "ypos": 895}}, {"pk": 30, "model": "dataexplorer.catsource", "fields": {"catalogue": "USNO-A2", "xpos": 904, "data": 22, "name": "0900-15116794", "ypos": 177}}, {"pk": 31, "model": "dataexplorer.catsource", "fields": {"catalogue": "USNO-A2", "xpos": 904, "data": 22, "name": "0900-15116801", "ypos": 166}}, {"pk": 32, "model": "dataexplorer.catsource", "fields": {"catalogue": "USNO-A2", "xpos": 897, "data": 22, "name": "0900-15116985", "ypos": 417}}, {"pk": 33, "model": "dataexplorer.catsource", "fields": {"catalogue": "USNO-A2", "xpos": 887, "data": 22, "name": "0900-15117197", "ypos": 1}}, {"pk": 34, "model": "dataexplorer.catsource", "fields": {"catalogue": "USNO-A2", "xpos": 883, "data": 22, "name": "0900-15117313", "ypos": 255}}, {"pk": 35, "model": "dataexplorer.catsource", "fields": {"catalogue": "USNO-A2", "xpos": 883, "data": 22, "name": "0900-15117321", "ypos": 243}}, {"pk": 36, "model": "dataexplorer.catsource", "fields": {"catalogue": "USNO-A2", "xpos": 882, "data": 22, "name": "0900-15117350", "ypos": 575}}, {"pk": 37, "model": "dataexplorer.catsource", "fields": {"catalogue": "USNO-A2", "xpos": 880, "data": 22, "name": "0900-15117432", "ypos": 856}}, {"pk": 38, "model": "dataexplorer.catsource", "fields": {"catalogue": "USNO-A2", "xpos": 880, "data": 22, "name": "0900-15117433", "ypos": 877}}, {"pk": 39, "model": "dataexplorer.catsource", "fields": {"catalogue": "USNO-A2", "xpos": 866, "data": 22, "name": "0900-15117735", "ypos": 334}}, {"pk": 40, "model": "dataexplorer.catsource", "fields": {"catalogue": "USNO-A2", "xpos": 861, "data": 22, "name": "0900-15117856", "ypos": 86}}, {"pk": 41, "model": "dataexplorer.catsource", "fields": {"catalogue": "USNO-A2", "xpos": 855, "data": 22, "name": "0900-15118015", "ypos": 159}}, {"pk": 42, "model": "dataexplorer.catsource", "fields": {"catalogue": "USNO-A2", "xpos": 849, "data": 22, "name": "0900-15118122", "ypos": 23}}, {"pk": 43, "model": "dataexplorer.catsource", "fields": {"catalogue": "USNO-A2", "xpos": 848, "data": 22, "name": "0900-15118188", "ypos": 457}}, {"pk": 44, "model": "dataexplorer.catsource", "fields": {"catalogue": "USNO-A2", "xpos": 847, "data": 22, "name": "0900-15118261", "ypos": 846}}, {"pk": 45, "model": "dataexplorer.catsource", "fields": {"catalogue": "USNO-A2", "xpos": 843, "data": 22, "name": "0900-15118369", "ypos": 736}}, {"pk": 46, "model": "dataexplorer.catsource", "fields": {"catalogue": "USNO-A2", "xpos": 836, "data": 22, "name": "0900-15118513", "ypos": 559}}, {"pk": 47, "model": "dataexplorer.catsource", "fields": {"catalogue": "USNO-A2", "xpos": 835, "data": 22, "name": "0900-15118534", "ypos": 800}}, {"pk": 48, "model": "dataexplorer.catsource", "fields": {"catalogue": "USNO-A2", "xpos": 821, "data": 22, "name": "0900-15118877", "ypos": 664}}, {"pk": 49, "model": "dataexplorer.catsource", "fields": {"catalogue": "USNO-A2", "xpos": 817, "data": 22, "name": "0900-15118918", "ypos": 318}}, {"pk": 50, "model": "dataexplorer.catsource", "fields": {"catalogue": "USNO-A2", "xpos": 817, "data": 22, "name": "0900-15118927", "ypos": 397}}, {"pk": 51, "model": "dataexplorer.catsource", "fields": {"catalogue": "USNO-A2", "xpos": 814, "data": 22, "name": "0900-15119019", "ypos": 566}}, {"pk": 52, "model": "dataexplorer.catsource", "fields": {"catalogue": "USNO-A2", "xpos": 808, "data": 22, "name": "0900-15119161", "ypos": 287}}, {"pk": 53, "model": "dataexplorer.catsource", "fields": {"catalogue": "USNO-A2", "xpos": 806, "data": 22, "name": "0900-15119271", "ypos": 961}}, {"pk": 54, "model": "dataexplorer.catsource", "fields": {"catalogue": "USNO-A2", "xpos": 800, "data": 22, "name": "0900-15119361", "ypos": 433}}, {"pk": 55, "model": "dataexplorer.catsource", "fields": {"catalogue": "USNO-A2", "xpos": 798, "data": 22, "name": "0900-15119424", "ypos": 562}}, {"pk": 56, "model": "dataexplorer.catsource", "fields": {"catalogue": "USNO-A2", "xpos": 789, "data": 22, "name": "0900-15119617", "ypos": 178}}, {"pk": 57, "model": "dataexplorer.catsource", "fields": {"catalogue": "USNO-A2", "xpos": 785, "data": 22, "name": "0900-15119764", "ypos": 888}}, {"pk": 58, "model": "dataexplorer.catsource", "fields": {"catalogue": "USNO-A2", "xpos": 784, "data": 22, "name": "0900-15119768", "ypos": 525}}, {"pk": 59, "model": "dataexplorer.catsource", "fields": {"catalogue": "USNO-A2", "xpos": 782, "data": 22, "name": "0900-15119788", "ypos": 432}}, {"pk": 60, "model": "dataexplorer.catsource", "fields": {"catalogue": "USNO-A2", "xpos": 782, "data": 22, "name": "0900-15119841", "ypos": 710}}, {"pk": 61, "model": "dataexplorer.catsource", "fields": {"catalogue": "USNO-A2", "xpos": 769, "data": 22, "name": "0900-15120122", "ypos": 762}}, {"pk": 62, "model": "dataexplorer.catsource", "fields": {"catalogue": "USNO-A2", "xpos": 767, "data": 22, "name": "0900-15120146", "ypos": 196}}, {"pk": 63, "model": "dataexplorer.catsource", "fields": {"catalogue": "USNO-A2", "xpos": 767, "data": 22, "name": "0900-15120198", "ypos": 786}}, {"pk": 64, "model": "dataexplorer.catsource", "fields": {"catalogue": "USNO-A2", "xpos": 764, "data": 22, "name": "0900-15120228", "ypos": 471}}, {"pk": 65, "model": "dataexplorer.catsource", "fields": {"catalogue": "USNO-A2", "xpos": 764, "data": 22, "name": "0900-15120288", "ypos": 663}}, {"pk": 66, "model": "dataexplorer.catsource", "fields": {"catalogue": "USNO-A2", "xpos": 759, "data": 22, "name": "0900-15120346", "ypos": 88}}, {"pk": 67, "model": "dataexplorer.catsource", "fields": {"catalogue": "USNO-A2", "xpos": 756, "data": 22, "name": "0900-15120454", "ypos": 778}}, {"pk": 68, "model": "dataexplorer.catsource", "fields": {"catalogue": "USNO-A2", "xpos": 757, "data": 22, "name": "0900-15120459", "ypos": 895}}, {"pk": 69, "model": "dataexplorer.catsource", "fields": {"catalogue": "USNO-A2", "xpos": 748, "data": 22, "name": "0900-15120620", "ypos": 220}}, {"pk": 70, "model": "dataexplorer.catsource", "fields": {"catalogue": "USNO-A2", "xpos": 746, "data": 22, "name": "0900-15120699", "ypos": 469}}, {"pk": 71, "model": "dataexplorer.catsource", "fields": {"catalogue": "USNO-A2", "xpos": 748, "data": 22, "name": "0900-15120717", "ypos": 890}}, {"pk": 72, "model": "dataexplorer.catsource", "fields": {"catalogue": "USNO-A2", "xpos": 739, "data": 22, "name": "0900-15120862", "ypos": 354}}, {"pk": 73, "model": "dataexplorer.catsource", "fields": {"catalogue": "USNO-A2", "xpos": 737, "data": 22, "name": "0900-15120905", "ypos": 156}}, {"pk": 74, "model": "dataexplorer.catsource", "fields": {"catalogue": "USNO-A2", "xpos": 728, "data": 22, "name": "0900-15121167", "ypos": 912}}, {"pk": 75, "model": "dataexplorer.catsource", "fields": {"catalogue": "USNO-A2", "xpos": 726, "data": 22, "name": "0900-15121194", "ypos": 682}}, {"pk": 76, "model": "dataexplorer.catsource", "fields": {"catalogue": "USNO-A2", "xpos": 723, "data": 22, "name": "0900-15121288", "ypos": 934}}, {"pk": 77, "model": "dataexplorer.catsource", "fields": {"catalogue": "USNO-A2", "xpos": 717, "data": 22, "name": "0900-15121450", "ypos": 959}}, {"pk": 78, "model": "dataexplorer.catsource", "fields": {"catalogue": "USNO-A2", "xpos": 711, "data": 22, "name": "0900-15121581", "ypos": 806}}, {"pk": 79, "model": "dataexplorer.catsource", "fields": {"catalogue": "USNO-A2", "xpos": 711, "data": 22, "name": "0900-15121585", "ypos": 735}}, {"pk": 80, "model": "dataexplorer.catsource", "fields": {"catalogue": "USNO-A2", "xpos": 702, "data": 22, "name": "0900-15121796", "ypos": 855}}, {"pk": 81, "model": "dataexplorer.catsource", "fields": {"catalogue": "USNO-A2", "xpos": 685, "data": 22, "name": "0900-15122144", "ypos": 759}}, {"pk": 82, "model": "dataexplorer.catsource", "fields": {"catalogue": "USNO-A2", "xpos": 684, "data": 22, "name": "0900-15122149", "ypos": 305}}, {"pk": 83, "model": "dataexplorer.catsource", "fields": {"catalogue": "USNO-A2", "xpos": 686, "data": 22, "name": "0900-15122163", "ypos": 853}}, {"pk": 84, "model": "dataexplorer.catsource", "fields": {"catalogue": "USNO-A2", "xpos": 678, "data": 22, "name": "0900-15122303", "ypos": 144}}, {"pk": 85, "model": "dataexplorer.catsource", "fields": {"catalogue": "USNO-A2", "xpos": 671, "data": 22, "name": "0900-15122473", "ypos": 420}}, {"pk": 86, "model": "dataexplorer.catsource", "fields": {"catalogue": "USNO-A2", "xpos": 667, "data": 22, "name": "0900-15122578", "ypos": 206}}, {"pk": 87, "model": "dataexplorer.catsource", "fields": {"catalogue": "USNO-A2", "xpos": 666, "data": 22, "name": "0900-15122613", "ypos": 329}}, {"pk": 88, "model": "dataexplorer.catsource", "fields": {"catalogue": "USNO-A2", "xpos": 668, "data": 22, "name": "0900-15122631", "ypos": 886}}, {"pk": 89, "model": "dataexplorer.catsource", "fields": {"catalogue": "USNO-A2", "xpos": 666, "data": 22, "name": "0900-15122655", "ypos": 816}}, {"pk": 90, "model": "dataexplorer.catsource", "fields": {"catalogue": "USNO-A2", "xpos": 660, "data": 22, "name": "0900-15122786", "ypos": 478}}, {"pk": 91, "model": "dataexplorer.catsource", "fields": {"catalogue": "USNO-A2", "xpos": 624, "data": 22, "name": "0900-15123697", "ypos": 898}}, {"pk": 92, "model": "dataexplorer.catsource", "fields": {"catalogue": "USNO-A2", "xpos": 619, "data": 22, "name": "0900-15123781", "ypos": 731}}, {"pk": 93, "model": "dataexplorer.catsource", "fields": {"catalogue": "USNO-A2", "xpos": 617, "data": 22, "name": "0900-15123839", "ypos": 786}}, {"pk": 94, "model": "dataexplorer.catsource", "fields": {"catalogue": "USNO-A2", "xpos": 608, "data": 22, "name": "0900-15124043", "ypos": 5}}, {"pk": 95, "model": "dataexplorer.catsource", "fields": {"catalogue": "USNO-A2", "xpos": 608, "data": 22, "name": "0900-15124090", "ypos": 960}}, {"pk": 96, "model": "dataexplorer.catsource", "fields": {"catalogue": "USNO-A2", "xpos": 603, "data": 22, "name": "0900-15124161", "ypos": 51}}, {"pk": 97, "model": "dataexplorer.catsource", "fields": {"catalogue": "USNO-A2", "xpos": 592, "data": 22, "name": "0900-15124461", "ypos": 348}}, {"pk": 98, "model": "dataexplorer.catsource", "fields": {"catalogue": "USNO-A2", "xpos": 588, "data": 22, "name": "0900-15124544", "ypos": 243}}, {"pk": 99, "model": "dataexplorer.catsource", "fields": {"catalogue": "USNO-A2", "xpos": 590, "data": 22, "name": "0900-15124545", "ypos": 819}}, {"pk": 100, "model": "dataexplorer.catsource", "fields": {"catalogue": "USNO-A2", "xpos": 587, "data": 22, "name": "0900-15124589", "ypos": 472}}, {"pk": 101, "model": "dataexplorer.catsource", "fields": {"catalogue": "USNO-A2", "xpos": 587, "data": 22, "name": "0900-15124625", "ypos": 703}}, {"pk": 102, "model": "dataexplorer.catsource", "fields": {"catalogue": "USNO-A2", "xpos": 580, "data": 22, "name": "0900-15124753", "ypos": 300}}, {"pk": 103, "model": "dataexplorer.catsource", "fields": {"catalogue": "USNO-A2", "xpos": 580, "data": 22, "name": "0900-15124773", "ypos": 501}}, {"pk": 104, "model": "dataexplorer.catsource", "fields": {"catalogue": "USNO-A2", "xpos": 575, "data": 22, "name": "0900-15124951", "ypos": 893}}, {"pk": 105, "model": "dataexplorer.catsource", "fields": {"catalogue": "USNO-A2", "xpos": 570, "data": 22, "name": "0900-15125044", "ypos": 555}}, {"pk": 106, "model": "dataexplorer.catsource", "fields": {"catalogue": "USNO-A2", "xpos": 568, "data": 22, "name": "0900-15125047", "ypos": 67}}, {"pk": 107, "model": "dataexplorer.catsource", "fields": {"catalogue": "USNO-A2", "xpos": 562, "data": 22, "name": "0900-15125229", "ypos": 364}}, {"pk": 108, "model": "dataexplorer.catsource", "fields": {"catalogue": "USNO-A2", "xpos": 539, "data": 22, "name": "0900-15125757", "ypos": 62}}, {"pk": 109, "model": "dataexplorer.catsource", "fields": {"catalogue": "USNO-A2", "xpos": 534, "data": 22, "name": "0900-15125911", "ypos": 256}}, {"pk": 110, "model": "dataexplorer.catsource", "fields": {"catalogue": "USNO-A2", "xpos": 533, "data": 22, "name": "0900-15125977", "ypos": 931}}, {"pk": 111, "model": "dataexplorer.catsource", "fields": {"catalogue": "USNO-A2", "xpos": 530, "data": 22, "name": "0900-15126068", "ypos": 582}}, {"pk": 112, "model": "dataexplorer.catsource", "fields": {"catalogue": "USNO-A2", "xpos": 526, "data": 22, "name": "0900-15126138", "ypos": 554}}, {"pk": 113, "model": "dataexplorer.catsource", "fields": {"catalogue": "USNO-A2", "xpos": 523, "data": 22, "name": "0900-15126219", "ypos": 463}}, {"pk": 114, "model": "dataexplorer.catsource", "fields": {"catalogue": "USNO-A2", "xpos": 523, "data": 22, "name": "0900-15126221", "ypos": 630}}, {"pk": 115, "model": "dataexplorer.catsource", "fields": {"catalogue": "USNO-A2", "xpos": 522, "data": 22, "name": "0900-15126270", "ypos": 909}}, {"pk": 116, "model": "dataexplorer.catsource", "fields": {"catalogue": "USNO-A2", "xpos": 515, "data": 22, "name": "0900-15126366", "ypos": 241}}, {"pk": 117, "model": "dataexplorer.catsource", "fields": {"catalogue": "USNO-A2", "xpos": 515, "data": 22, "name": "0900-15126422", "ypos": 375}}, {"pk": 118, "model": "dataexplorer.catsource", "fields": {"catalogue": "USNO-A2", "xpos": 515, "data": 22, "name": "0900-15126443", "ypos": 971}}, {"pk": 119, "model": "dataexplorer.catsource", "fields": {"catalogue": "USNO-A2", "xpos": 514, "data": 22, "name": "0900-15126457", "ypos": 431}}, {"pk": 120, "model": "dataexplorer.catsource", "fields": {"catalogue": "USNO-A2", "xpos": 504, "data": 22, "name": "0900-15126660", "ypos": 166}}, {"pk": 121, "model": "dataexplorer.catsource", "fields": {"catalogue": "USNO-A2", "xpos": 500, "data": 22, "name": "0900-15126783", "ypos": 589}}, {"pk": 122, "model": "dataexplorer.catsource", "fields": {"catalogue": "USNO-A2", "xpos": 497, "data": 22, "name": "0900-15126902", "ypos": 915}}, {"pk": 123, "model": "dataexplorer.catsource", "fields": {"catalogue": "USNO-A2", "xpos": 487, "data": 22, "name": "0900-15127070", "ypos": 122}}, {"pk": 124, "model": "dataexplorer.catsource", "fields": {"catalogue": "USNO-A2", "xpos": 488, "data": 22, "name": "0900-15127091", "ypos": 432}}, {"pk": 125, "model": "dataexplorer.catsource", "fields": {"catalogue": "USNO-A2", "xpos": 482, "data": 22, "name": "0900-15127236", "ypos": 786}}, {"pk": 126, "model": "dataexplorer.catsource", "fields": {"catalogue": "USNO-A2", "xpos": 479, "data": 22, "name": "0900-15127241", "ypos": 185}}, {"pk": 127, "model": "dataexplorer.catsource", "fields": {"catalogue": "USNO-A2", "xpos": 477, "data": 22, "name": "0900-15127301", "ypos": 268}}, {"pk": 128, "model": "dataexplorer.catsource", "fields": {"catalogue": "USNO-A2", "xpos": 477, "data": 22, "name": "0900-15127329", "ypos": 799}}, {"pk": 129, "model": "dataexplorer.catsource", "fields": {"catalogue": "USNO-A2", "xpos": 468, "data": 22, "name": "0900-15127463", "ypos": 87}}, {"pk": 130, "model": "dataexplorer.catsource", "fields": {"catalogue": "USNO-A2", "xpos": 458, "data": 22, "name": "0900-15127755", "ypos": 918}}, {"pk": 131, "model": "dataexplorer.catsource", "fields": {"catalogue": "USNO-A2", "xpos": 450, "data": 22, "name": "0900-15127894", "ypos": 54}}, {"pk": 132, "model": "dataexplorer.catsource", "fields": {"catalogue": "USNO-A2", "xpos": 447, "data": 22, "name": "0900-15128002", "ypos": 723}}, {"pk": 133, "model": "dataexplorer.catsource", "fields": {"catalogue": "USNO-A2", "xpos": 442, "data": 22, "name": "0900-15128108", "ypos": 537}}, {"pk": 134, "model": "dataexplorer.catsource", "fields": {"catalogue": "USNO-A2", "xpos": 441, "data": 22, "name": "0900-15128143", "ypos": 856}}, {"pk": 135, "model": "dataexplorer.catsource", "fields": {"catalogue": "USNO-A2", "xpos": 439, "data": 22, "name": "0900-15128183", "ypos": 616}}, {"pk": 136, "model": "dataexplorer.catsource", "fields": {"catalogue": "USNO-A2", "xpos": 431, "data": 22, "name": "0900-15128411", "ypos": 883}}, {"pk": 137, "model": "dataexplorer.catsource", "fields": {"catalogue": "USNO-A2", "xpos": 428, "data": 22, "name": "0900-15128440", "ypos": 351}}, {"pk": 138, "model": "dataexplorer.catsource", "fields": {"catalogue": "USNO-A2", "xpos": 425, "data": 22, "name": "0900-15128554", "ypos": 570}}, {"pk": 139, "model": "dataexplorer.catsource", "fields": {"catalogue": "USNO-A2", "xpos": 424, "data": 22, "name": "0900-15128578", "ypos": 657}}, {"pk": 140, "model": "dataexplorer.catsource", "fields": {"catalogue": "USNO-A2", "xpos": 399, "data": 22, "name": "0900-15129083", "ypos": 244}}, {"pk": 141, "model": "dataexplorer.catsource", "fields": {"catalogue": "USNO-A2", "xpos": 393, "data": 22, "name": "0900-15129195", "ypos": 64}}, {"pk": 142, "model": "dataexplorer.catsource", "fields": {"catalogue": "USNO-A2", "xpos": 391, "data": 22, "name": "0900-15129261", "ypos": 276}}, {"pk": 143, "model": "dataexplorer.catsource", "fields": {"catalogue": "USNO-A2", "xpos": 383, "data": 22, "name": "0900-15129487", "ypos": 411}}, {"pk": 144, "model": "dataexplorer.catsource", "fields": {"catalogue": "USNO-A2", "xpos": 382, "data": 22, "name": "0900-15129573", "ypos": 884}}, {"pk": 145, "model": "dataexplorer.catsource", "fields": {"catalogue": "USNO-A2", "xpos": 378, "data": 22, "name": "0900-15129615", "ypos": 511}}, {"pk": 146, "model": "dataexplorer.catsource", "fields": {"catalogue": "USNO-A2", "xpos": 369, "data": 22, "name": "0900-15129851", "ypos": 952}}, {"pk": 147, "model": "dataexplorer.catsource", "fields": {"catalogue": "USNO-A2", "xpos": 365, "data": 22, "name": "0900-15129895", "ypos": 113}}, {"pk": 148, "model": "dataexplorer.catsource", "fields": {"catalogue": "USNO-A2", "xpos": 361, "data": 22, "name": "0900-15130001", "ypos": 35}}, {"pk": 149, "model": "dataexplorer.catsource", "fields": {"catalogue": "USNO-A2", "xpos": 362, "data": 22, "name": "0900-15130010", "ypos": 326}}, {"pk": 150, "model": "dataexplorer.catsource", "fields": {"catalogue": "USNO-A2", "xpos": 358, "data": 22, "name": "0900-15130109", "ypos": 561}}, {"pk": 151, "model": "dataexplorer.catsource", "fields": {"catalogue": "USNO-A2", "xpos": 352, "data": 22, "name": "0900-15130228", "ypos": 88}}, {"pk": 152, "model": "dataexplorer.catsource", "fields": {"catalogue": "USNO-A2", "xpos": 345, "data": 22, "name": "0900-15130384", "ypos": 150}}, {"pk": 153, "model": "dataexplorer.catsource", "fields": {"catalogue": "USNO-A2", "xpos": 347, "data": 22, "name": "0900-15130399", "ypos": 831}}, {"pk": 154, "model": "dataexplorer.catsource", "fields": {"catalogue": "USNO-A2", "xpos": 341, "data": 22, "name": "0900-15130571", "ypos": 922}}, {"pk": 155, "model": "dataexplorer.catsource", "fields": {"catalogue": "USNO-A2", "xpos": 329, "data": 22, "name": "0900-15130781", "ypos": 166}}, {"pk": 156, "model": "dataexplorer.catsource", "fields": {"catalogue": "USNO-A2", "xpos": 323, "data": 22, "name": "0900-15130959", "ypos": 676}}, {"pk": 157, "model": "dataexplorer.catsource", "fields": {"catalogue": "USNO-A2", "xpos": 322, "data": 22, "name": "0900-15130973", "ypos": 322}}, {"pk": 158, "model": "dataexplorer.catsource", "fields": {"catalogue": "USNO-A2", "xpos": 317, "data": 22, "name": "0900-15131118", "ypos": 806}}, {"pk": 159, "model": "dataexplorer.catsource", "fields": {"catalogue": "USNO-A2", "xpos": 312, "data": 22, "name": "0900-15131217", "ypos": 495}}, {"pk": 160, "model": "dataexplorer.catsource", "fields": {"catalogue": "USNO-A2", "xpos": 312, "data": 22, "name": "0900-15131248", "ypos": 417}}, {"pk": 161, "model": "dataexplorer.catsource", "fields": {"catalogue": "USNO-A2", "xpos": 309, "data": 22, "name": "0900-15131340", "ypos": 947}}, {"pk": 162, "model": "dataexplorer.catsource", "fields": {"catalogue": "USNO-A2", "xpos": 303, "data": 22, "name": "0900-15131455", "ypos": 805}}, {"pk": 163, "model": "dataexplorer.catsource", "fields": {"catalogue": "USNO-A2", "xpos": 298, "data": 22, "name": "0900-15131598", "ypos": 768}}, {"pk": 164, "model": "dataexplorer.catsource", "fields": {"catalogue": "USNO-A2", "xpos": 295, "data": 22, "name": "0900-15131622", "ypos": 471}}, {"pk": 165, "model": "dataexplorer.catsource", "fields": {"catalogue": "USNO-A2", "xpos": 291, "data": 22, "name": "0900-15131713", "ypos": 234}}, {"pk": 166, "model": "dataexplorer.catsource", "fields": {"catalogue": "USNO-A2", "xpos": 287, "data": 22, "name": "0900-15131830", "ypos": 645}}, {"pk": 167, "model": "dataexplorer.catsource", "fields": {"catalogue": "USNO-A2", "xpos": 284, "data": 22, "name": "0900-15131930", "ypos": 861}}, {"pk": 168, "model": "dataexplorer.catsource", "fields": {"catalogue": "USNO-A2", "xpos": 275, "data": 22, "name": "0900-15132086", "ypos": 102}}, {"pk": 169, "model": "dataexplorer.catsource", "fields": {"catalogue": "USNO-A2", "xpos": 271, "data": 22, "name": "0900-15132178", "ypos": 488}}, {"pk": 170, "model": "dataexplorer.catsource", "fields": {"catalogue": "USNO-A2", "xpos": 267, "data": 22, "name": "0900-15132286", "ypos": 669}}, {"pk": 171, "model": "dataexplorer.catsource", "fields": {"catalogue": "USNO-A2", "xpos": 267, "data": 22, "name": "0900-15132306", "ypos": 898}}, {"pk": 172, "model": "dataexplorer.catsource", "fields": {"catalogue": "USNO-A2", "xpos": 263, "data": 22, "name": "0900-15132377", "ypos": 424}}, {"pk": 173, "model": "dataexplorer.catsource", "fields": {"catalogue": "USNO-A2", "xpos": 261, "data": 22, "name": "0900-15132381", "ypos": 14}}, {"pk": 174, "model": "dataexplorer.catsource", "fields": {"catalogue": "USNO-A2", "xpos": 256, "data": 22, "name": "0900-15132565", "ypos": 304}}, {"pk": 175, "model": "dataexplorer.catsource", "fields": {"catalogue": "USNO-A2", "xpos": 251, "data": 22, "name": "0900-15132697", "ypos": 460}}, {"pk": 176, "model": "dataexplorer.catsource", "fields": {"catalogue": "USNO-A2", "xpos": 240, "data": 22, "name": "0900-15132984", "ypos": 230}}, {"pk": 177, "model": "dataexplorer.catsource", "fields": {"catalogue": "USNO-A2", "xpos": 240, "data": 22, "name": "0900-15132987", "ypos": 117}}, {"pk": 178, "model": "dataexplorer.catsource", "fields": {"catalogue": "USNO-A2", "xpos": 239, "data": 22, "name": "0900-15133003", "ypos": 419}}, {"pk": 179, "model": "dataexplorer.catsource", "fields": {"catalogue": "USNO-A2", "xpos": 227, "data": 22, "name": "0900-15133302", "ypos": 51}}, {"pk": 180, "model": "dataexplorer.catsource", "fields": {"catalogue": "USNO-A2", "xpos": 218, "data": 22, "name": "0900-15133534", "ypos": 673}}, {"pk": 181, "model": "dataexplorer.catsource", "fields": {"catalogue": "USNO-A2", "xpos": 200, "data": 22, "name": "0900-15133939", "ypos": 310}}, {"pk": 182, "model": "dataexplorer.catsource", "fields": {"catalogue": "USNO-A2", "xpos": 190, "data": 22, "name": "0900-15134128", "ypos": 4}}, {"pk": 183, "model": "dataexplorer.catsource", "fields": {"catalogue": "USNO-A2", "xpos": 184, "data": 22, "name": "0900-15134266", "ypos": 205}}, {"pk": 184, "model": "dataexplorer.catsource", "fields": {"catalogue": "USNO-A2", "xpos": 182, "data": 22, "name": "0900-15134406", "ypos": 976}}, {"pk": 185, "model": "dataexplorer.catsource", "fields": {"catalogue": "USNO-A2", "xpos": 179, "data": 22, "name": "0900-15134422", "ypos": 514}}, {"pk": 186, "model": "dataexplorer.catsource", "fields": {"catalogue": "USNO-A2", "xpos": 178, "data": 22, "name": "0900-15134486", "ypos": 966}}, {"pk": 187, "model": "dataexplorer.catsource", "fields": {"catalogue": "USNO-A2", "xpos": 174, "data": 22, "name": "0900-15134533", "ypos": 66}}, {"pk": 188, "model": "dataexplorer.catsource", "fields": {"catalogue": "USNO-A2", "xpos": 168, "data": 22, "name": "0900-15134693", "ypos": 790}}, {"pk": 189, "model": "dataexplorer.catsource", "fields": {"catalogue": "USNO-A2", "xpos": 156, "data": 22, "name": "0900-15134958", "ypos": 691}}, {"pk": 190, "model": "dataexplorer.catsource", "fields": {"catalogue": "USNO-A2", "xpos": 151, "data": 22, "name": "0900-15135121", "ypos": 894}}, {"pk": 191, "model": "dataexplorer.catsource", "fields": {"catalogue": "USNO-A2", "xpos": 143, "data": 22, "name": "0900-15135257", "ypos": 490}}, {"pk": 192, "model": "dataexplorer.catsource", "fields": {"catalogue": "USNO-A2", "xpos": 117, "data": 22, "name": "0900-15135866", "ypos": 553}}, {"pk": 193, "model": "dataexplorer.catsource", "fields": {"catalogue": "USNO-A2", "xpos": 116, "data": 22, "name": "0900-15135870", "ypos": 262}}, {"pk": 194, "model": "dataexplorer.catsource", "fields": {"catalogue": "USNO-A2", "xpos": 110, "data": 22, "name": "0900-15136001", "ypos": 232}}, {"pk": 195, "model": "dataexplorer.catsource", "fields": {"catalogue": "USNO-A2", "xpos": 108, "data": 22, "name": "0900-15136077", "ypos": 510}}, {"pk": 196, "model": "dataexplorer.catsource", "fields": {"catalogue": "USNO-A2", "xpos": 104, "data": 22, "name": "0900-15136180", "ypos": 561}}, {"pk": 197, "model": "dataexplorer.catsource", "fields": {"catalogue": "USNO-A2", "xpos": 104, "data": 22, "name": "0900-15136198", "ypos": 916}}, {"pk": 198, "model": "dataexplorer.catsource", "fields": {"catalogue": "USNO-A2", "xpos": 91, "data": 22, "name": "0900-15136412", "ypos": 37}}, {"pk": 199, "model": "dataexplorer.catsource", "fields": {"catalogue": "USNO-A2", "xpos": 82, "data": 22, "name": "0900-15136639", "ypos": 236}}, {"pk": 200, "model": "dataexplorer.catsource", "fields": {"catalogue": "USNO-A2", "xpos": 79, "data": 22, "name": "0900-15136730", "ypos": 862}}, {"pk": 201, "model": "dataexplorer.catsource", "fields": {"catalogue": "USNO-A2", "xpos": 76, "data": 22, "name": "0900-15136763", "ypos": 165}}, {"pk": 202, "model": "dataexplorer.catsource", "fields": {"catalogue": "USNO-A2", "xpos": 68, "data": 22, "name": "0900-15137031", "ypos": 918}}, {"pk": 203, "model": "dataexplorer.catsource", "fields": {"catalogue": "USNO-A2", "xpos": 65, "data": 22, "name": "0900-15137044", "ypos": 473}}, {"pk": 204, "model": "dataexplorer.catsource", "fields": {"catalogue": "USNO-A2", "xpos": 64, "data": 22, "name": "0900-15137050", "ypos": 195}}, {"pk": 205, "model": "dataexplorer.catsource", "fields": {"catalogue": "USNO-A2", "xpos": 63, "data": 22, "name": "0900-15137093", "ypos": 251}}, {"pk": 206, "model": "dataexplorer.catsource", "fields": {"catalogue": "USNO-A2", "xpos": 57, "data": 22, "name": "0900-15137219", "ypos": 34}}, {"pk": 207, "model": "dataexplorer.catsource", "fields": {"catalogue": "USNO-A2", "xpos": 58, "data": 22, "name": "0900-15137222", "ypos": 421}}, {"pk": 208, "model": "dataexplorer.catsource", "fields": {"catalogue": "USNO-A2", "xpos": 54, "data": 22, "name": "0900-15137344", "ypos": 631}}, {"pk": 209, "model": "dataexplorer.catsource", "fields": {"catalogue": "USNO-A2", "xpos": 51, "data": 22, "name": "0900-15137418", "ypos": 461}}, {"pk": 210, "model": "dataexplorer.catsource", "fields": {"catalogue": "USNO-A2", "xpos": 46, "data": 22, "name": "0900-15137559", "ypos": 800}}, {"pk": 211, "model": "dataexplorer.catsource", "fields": {"catalogue": "USNO-A2", "xpos": 46, "data": 22, "name": "0900-15137564", "ypos": 858}}, {"pk": 212, "model": "dataexplorer.catsource", "fields": {"catalogue": "USNO-A2", "xpos": 46, "data": 22, "name": "0900-15137583", "ypos": 951}}, {"pk": 213, "model": "dataexplorer.catsource", "fields": {"catalogue": "USNO-A2", "xpos": 38, "data": 22, "name": "0900-15137731", "ypos": 913}}, {"pk": 214, "model": "dataexplorer.catsource", "fields": {"catalogue": "USNO-A2", "xpos": 34, "data": 22, "name": "0900-15137816", "ypos": 370}}, {"pk": 215, "model": "dataexplorer.catsource", "fields": {"catalogue": "USNO-A2", "xpos": 30, "data": 22, "name": "0900-15137913", "ypos": 423}}, {"pk": 216, "model": "dataexplorer.catsource", "fields": {"catalogue": "USNO-A2", "xpos": 31, "data": 22, "name": "0900-15137923", "ypos": 608}}, {"pk": 217, "model": "dataexplorer.catsource", "fields": {"catalogue": "USNO-A2.0", "xpos": 1212, "data": 31, "name": "1125-1040280", "ypos": 802}}, {"pk": 218, "model": "dataexplorer.catsource", "fields": {"catalogue": "USNO-A2.0", "xpos": 1210, "data": 31, "name": "1125-1040287", "ypos": 716}}, {"pk": 219, "model": "dataexplorer.catsource", "fields": {"catalogue": "USNO-A2.0", "xpos": 1201, "data": 31, "name": "1125-1040315", "ypos": 905}}, {"pk": 220, "model": "dataexplorer.catsource", "fields": {"catalogue": "USNO-A2.0", "xpos": 1195, "data": 31, "name": "1125-1040356", "ypos": 133}}, {"pk": 221, "model": "dataexplorer.catsource", "fields": {"catalogue": "USNO-A2.0", "xpos": 1188, "data": 31, "name": "1125-1040369", "ypos": 978}}, {"pk": 222, "model": "dataexplorer.catsource", "fields": {"catalogue": "USNO-A2.0", "xpos": 1178, "data": 31, "name": "1125-1040435", "ypos": 118}}, {"pk": 223, "model": "dataexplorer.catsource", "fields": {"catalogue": "USNO-A2.0", "xpos": 1171, "data": 31, "name": "1125-1040469", "ypos": 678}}, {"pk": 224, "model": "dataexplorer.catsource", "fields": {"catalogue": "USNO-A2.0", "xpos": 1164, "data": 31, "name": "1125-1040494", "ypos": 281}}, {"pk": 225, "model": "dataexplorer.catsource", "fields": {"catalogue": "USNO-A2.0", "xpos": 1111, "data": 31, "name": "1125-1040698", "ypos": 457}}, {"pk": 226, "model": "dataexplorer.catsource", "fields": {"catalogue": "USNO-A2.0", "xpos": 1105, "data": 31, "name": "1125-1040715", "ypos": 585}}, {"pk": 227, "model": "dataexplorer.catsource", "fields": {"catalogue": "USNO-A2.0", "xpos": 1068, "data": 31, "name": "1125-1040858", "ypos": 374}}, {"pk": 228, "model": "dataexplorer.catsource", "fields": {"catalogue": "USNO-A2.0", "xpos": 1066, "data": 31, "name": "1125-1040867", "ypos": 644}}, {"pk": 229, "model": "dataexplorer.catsource", "fields": {"catalogue": "USNO-A2.0", "xpos": 1067, "data": 31, "name": "1125-1040869", "ypos": 168}}, {"pk": 230, "model": "dataexplorer.catsource", "fields": {"catalogue": "USNO-A2.0", "xpos": 1065, "data": 31, "name": "1125-1040882", "ypos": 34}}, {"pk": 231, "model": "dataexplorer.catsource", "fields": {"catalogue": "USNO-A2.0", "xpos": 1062, "data": 31, "name": "1125-1040888", "ypos": 598}}, {"pk": 232, "model": "dataexplorer.catsource", "fields": {"catalogue": "USNO-A2.0", "xpos": 1048, "data": 31, "name": "1125-1040949", "ypos": 355}}, {"pk": 233, "model": "dataexplorer.catsource", "fields": {"catalogue": "USNO-A2.0", "xpos": 1043, "data": 31, "name": "1125-1040966", "ypos": 174}}, {"pk": 234, "model": "dataexplorer.catsource", "fields": {"catalogue": "USNO-A2.0", "xpos": 1037, "data": 31, "name": "1125-1040983", "ypos": 274}}, {"pk": 235, "model": "dataexplorer.catsource", "fields": {"catalogue": "USNO-A2.0", "xpos": 1024, "data": 31, "name": "1125-1041045", "ypos": 295}}, {"pk": 236, "model": "dataexplorer.catsource", "fields": {"catalogue": "USNO-A2.0", "xpos": 1016, "data": 31, "name": "1125-1041074", "ypos": 751}}, {"pk": 237, "model": "dataexplorer.catsource", "fields": {"catalogue": "USNO-A2.0", "xpos": 954, "data": 31, "name": "1125-1041341", "ypos": 307}}, {"pk": 238, "model": "dataexplorer.catsource", "fields": {"catalogue": "USNO-A2.0", "xpos": 948, "data": 31, "name": "1125-1041365", "ypos": 193}}, {"pk": 239, "model": "dataexplorer.catsource", "fields": {"catalogue": "USNO-A2.0", "xpos": 946, "data": 31, "name": "1125-1041366", "ypos": 790}}, {"pk": 240, "model": "dataexplorer.catsource", "fields": {"catalogue": "USNO-A2.0", "xpos": 940, "data": 31, "name": "1125-1041399", "ypos": 408}}, {"pk": 241, "model": "dataexplorer.catsource", "fields": {"catalogue": "USNO-A2.0", "xpos": 939, "data": 31, "name": "1125-1041400", "ypos": 519}}, {"pk": 242, "model": "dataexplorer.catsource", "fields": {"catalogue": "USNO-A2.0", "xpos": 909, "data": 31, "name": "1125-1041527", "ypos": 698}}, {"pk": 243, "model": "dataexplorer.catsource", "fields": {"catalogue": "USNO-A2.0", "xpos": 903, "data": 31, "name": "1125-1041553", "ypos": 376}}, {"pk": 244, "model": "dataexplorer.catsource", "fields": {"catalogue": "USNO-A2.0", "xpos": 887, "data": 31, "name": "1125-1041625", "ypos": 798}}, {"pk": 245, "model": "dataexplorer.catsource", "fields": {"catalogue": "USNO-A2.0", "xpos": 870, "data": 31, "name": "1125-1041703", "ypos": 651}}, {"pk": 246, "model": "dataexplorer.catsource", "fields": {"catalogue": "USNO-A2.0", "xpos": 866, "data": 31, "name": "1125-1041728", "ypos": 272}}, {"pk": 247, "model": "dataexplorer.catsource", "fields": {"catalogue": "USNO-A2.0", "xpos": 847, "data": 31, "name": "1125-1041804", "ypos": 279}}, {"pk": 248, "model": "dataexplorer.catsource", "fields": {"catalogue": "USNO-A2.0", "xpos": 832, "data": 31, "name": "1125-1041865", "ypos": 368}}, {"pk": 249, "model": "dataexplorer.catsource", "fields": {"catalogue": "USNO-A2.0", "xpos": 831, "data": 31, "name": "1125-1041877", "ypos": 271}}, {"pk": 250, "model": "dataexplorer.catsource", "fields": {"catalogue": "USNO-A2.0", "xpos": 829, "data": 31, "name": "1125-1041889", "ypos": 603}}, {"pk": 251, "model": "dataexplorer.catsource", "fields": {"catalogue": "USNO-A2.0", "xpos": 795, "data": 31, "name": "1125-1042037", "ypos": 393}}, {"pk": 252, "model": "dataexplorer.catsource", "fields": {"catalogue": "USNO-A2.0", "xpos": 791, "data": 31, "name": "1125-1042046", "ypos": 267}}, {"pk": 253, "model": "dataexplorer.catsource", "fields": {"catalogue": "USNO-A2.0", "xpos": 778, "data": 31, "name": "1125-1042094", "ypos": 895}}, {"pk": 254, "model": "dataexplorer.catsource", "fields": {"catalogue": "USNO-A2.0", "xpos": 775, "data": 31, "name": "1125-1042107", "ypos": 1010}}, {"pk": 255, "model": "dataexplorer.catsource", "fields": {"catalogue": "USNO-A2.0", "xpos": 763, "data": 31, "name": "1125-1042165", "ypos": 241}}, {"pk": 256, "model": "dataexplorer.catsource", "fields": {"catalogue": "USNO-A2.0", "xpos": 756, "data": 31, "name": "1125-1042190", "ypos": 785}}, {"pk": 257, "model": "dataexplorer.catsource", "fields": {"catalogue": "USNO-A2.0", "xpos": 724, "data": 31, "name": "1125-1042316", "ypos": 376}}, {"pk": 258, "model": "dataexplorer.catsource", "fields": {"catalogue": "USNO-A2.0", "xpos": 712, "data": 31, "name": "1125-1042366", "ypos": 60}}, {"pk": 259, "model": "dataexplorer.catsource", "fields": {"catalogue": "USNO-A2.0", "xpos": 691, "data": 31, "name": "1125-1042437", "ypos": 912}}, {"pk": 260, "model": "dataexplorer.catsource", "fields": {"catalogue": "USNO-A2.0", "xpos": 676, "data": 31, "name": "1125-1042496", "ypos": 1009}}, {"pk": 261, "model": "dataexplorer.catsource", "fields": {"catalogue": "USNO-A2.0", "xpos": 673, "data": 31, "name": "1125-1042520", "ypos": 769}}, {"pk": 262, "model": "dataexplorer.catsource", "fields": {"catalogue": "USNO-A2.0", "xpos": 671, "data": 31, "name": "1125-1042528", "ypos": 535}}, {"pk": 263, "model": "dataexplorer.catsource", "fields": {"catalogue": "USNO-A2.0", "xpos": 652, "data": 31, "name": "1125-1042610", "ypos": 311}}, {"pk": 264, "model": "dataexplorer.catsource", "fields": {"catalogue": "USNO-A2.0", "xpos": 606, "data": 31, "name": "1125-1042772", "ypos": 306}}, {"pk": 265, "model": "dataexplorer.catsource", "fields": {"catalogue": "USNO-A2.0", "xpos": 597, "data": 31, "name": "1125-1042807", "ypos": 462}}, {"pk": 266, "model": "dataexplorer.catsource", "fields": {"catalogue": "USNO-A2.0", "xpos": 586, "data": 31, "name": "1125-1042847", "ypos": 331}}, {"pk": 267, "model": "dataexplorer.catsource", "fields": {"catalogue": "USNO-A2.0", "xpos": 563, "data": 31, "name": "1125-1042928", "ypos": 731}}, {"pk": 268, "model": "dataexplorer.catsource", "fields": {"catalogue": "USNO-A2.0", "xpos": 540, "data": 31, "name": "1125-1043034", "ypos": 482}}, {"pk": 269, "model": "dataexplorer.catsource", "fields": {"catalogue": "USNO-A2.0", "xpos": 517, "data": 31, "name": "1125-1043130", "ypos": 829}}, {"pk": 270, "model": "dataexplorer.catsource", "fields": {"catalogue": "USNO-A2.0", "xpos": 516, "data": 31, "name": "1125-1043133", "ypos": 857}}, {"pk": 271, "model": "dataexplorer.catsource", "fields": {"catalogue": "USNO-A2.0", "xpos": 512, "data": 31, "name": "1125-1043148", "ypos": 806}}, {"pk": 272, "model": "dataexplorer.catsource", "fields": {"catalogue": "USNO-A2.0", "xpos": 504, "data": 31, "name": "1125-1043185", "ypos": 869}}, {"pk": 273, "model": "dataexplorer.catsource", "fields": {"catalogue": "USNO-A2.0", "xpos": 500, "data": 31, "name": "1125-1043206", "ypos": 203}}, {"pk": 274, "model": "dataexplorer.catsource", "fields": {"catalogue": "USNO-A2.0", "xpos": 492, "data": 31, "name": "1125-1043235", "ypos": 273}}, {"pk": 275, "model": "dataexplorer.catsource", "fields": {"catalogue": "USNO-A2.0", "xpos": 482, "data": 31, "name": "1125-1043291", "ypos": 21}}, {"pk": 276, "model": "dataexplorer.catsource", "fields": {"catalogue": "USNO-A2.0", "xpos": 469, "data": 31, "name": "1125-1043335", "ypos": 505}}, {"pk": 277, "model": "dataexplorer.catsource", "fields": {"catalogue": "USNO-A2.0", "xpos": 467, "data": 31, "name": "1125-1043342", "ypos": 289}}, {"pk": 278, "model": "dataexplorer.catsource", "fields": {"catalogue": "USNO-A2.0", "xpos": 462, "data": 31, "name": "1125-1043357", "ypos": 805}}, {"pk": 279, "model": "dataexplorer.catsource", "fields": {"catalogue": "USNO-A2.0", "xpos": 460, "data": 31, "name": "1125-1043370", "ypos": 779}}, {"pk": 280, "model": "dataexplorer.catsource", "fields": {"catalogue": "USNO-A2.0", "xpos": 458, "data": 31, "name": "1125-1043386", "ypos": 504}}, {"pk": 281, "model": "dataexplorer.catsource", "fields": {"catalogue": "USNO-A2.0", "xpos": 450, "data": 31, "name": "1125-1043411", "ypos": 598}}, {"pk": 282, "model": "dataexplorer.catsource", "fields": {"catalogue": "USNO-A2.0", "xpos": 446, "data": 31, "name": "1125-1043431", "ypos": 429}}, {"pk": 283, "model": "dataexplorer.catsource", "fields": {"catalogue": "USNO-A2.0", "xpos": 442, "data": 31, "name": "1125-1043449", "ypos": 143}}, {"pk": 284, "model": "dataexplorer.catsource", "fields": {"catalogue": "USNO-A2.0", "xpos": 440, "data": 31, "name": "1125-1043450", "ypos": 1007}}, {"pk": 285, "model": "dataexplorer.catsource", "fields": {"catalogue": "USNO-A2.0", "xpos": 438, "data": 31, "name": "1125-1043460", "ypos": 949}}, {"pk": 286, "model": "dataexplorer.catsource", "fields": {"catalogue": "USNO-A2.0", "xpos": 421, "data": 31, "name": "1125-1043552", "ypos": 377}}, {"pk": 287, "model": "dataexplorer.catsource", "fields": {"catalogue": "USNO-A2.0", "xpos": 406, "data": 31, "name": "1125-1043609", "ypos": 239}}, {"pk": 288, "model": "dataexplorer.catsource", "fields": {"catalogue": "USNO-A2.0", "xpos": 404, "data": 31, "name": "1125-1043613", "ypos": 570}}, {"pk": 289, "model": "dataexplorer.catsource", "fields": {"catalogue": "USNO-A2.0", "xpos": 392, "data": 31, "name": "1125-1043653", "ypos": 323}}, {"pk": 290, "model": "dataexplorer.catsource", "fields": {"catalogue": "USNO-A2.0", "xpos": 390, "data": 31, "name": "1125-1043661", "ypos": 633}}, {"pk": 291, "model": "dataexplorer.catsource", "fields": {"catalogue": "USNO-A2.0", "xpos": 384, "data": 31, "name": "1125-1043685", "ypos": 338}}, {"pk": 292, "model": "dataexplorer.catsource", "fields": {"catalogue": "USNO-A2.0", "xpos": 367, "data": 31, "name": "1125-1043753", "ypos": 868}}, {"pk": 293, "model": "dataexplorer.catsource", "fields": {"catalogue": "USNO-A2.0", "xpos": 364, "data": 31, "name": "1125-1043762", "ypos": 1008}}, {"pk": 294, "model": "dataexplorer.catsource", "fields": {"catalogue": "USNO-A2.0", "xpos": 359, "data": 31, "name": "1125-1043781", "ypos": 782}}, {"pk": 295, "model": "dataexplorer.catsource", "fields": {"catalogue": "USNO-A2.0", "xpos": 354, "data": 31, "name": "1125-1043810", "ypos": 105}}, {"pk": 296, "model": "dataexplorer.catsource", "fields": {"catalogue": "USNO-A2.0", "xpos": 348, "data": 31, "name": "1125-1043831", "ypos": 722}}, {"pk": 297, "model": "dataexplorer.catsource", "fields": {"catalogue": "USNO-A2.0", "xpos": 342, "data": 31, "name": "1125-1043864", "ypos": 676}}, {"pk": 94, "model": "dataexplorer.datacollection", "fields": {"complete": true, "source": 195, "planet": 1, "person": 1, "display": true, "calid": 0}}, {"pk": 95, "model": "dataexplorer.datacollection", "fields": {"complete": true, "source": 196, "planet": 1, "person": 1, "display": false, "calid": 1}}, {"pk": 96, "model": "dataexplorer.datacollection", "fields": {"complete": true, "source": 193, "planet": 1, "person": 1, "display": true, "calid": 2}}, {"pk": 97, "model": "dataexplorer.datacollection", "fields": {"complete": true, "source": 158, "planet": 1, "person": 1, "display": true, "calid": 3}}, {"pk": 98, "model": "dataexplorer.datacollection", "fields": {"complete": false, "source": null, "planet": 2, "person": 2, "display": false, "calid": 0}}, {"pk": 99, "model": "dataexplorer.datacollection", "fields": {"complete": false, "source": 297, "planet": 2, "person": 1, "display": false, "calid": 0}}, {"pk": 100, "model": "dataexplorer.datacollection", "fields": {"complete": false, "source": 282, "planet": 2, "person": 1, "display": false, "calid": 1}}, {"pk": 101, "model": "dataexplorer.datacollection", "fields": {"complete": false, "source": null, "planet": 2, "person": 1, "display": false, "calid": 2}}, {"pk": 102, "model": "dataexplorer.datacollection", "fields": {"complete": false, "source": null, "planet": 1, "person": 2, "display": false, "calid": 0}}, {"pk": 103, "model": "dataexplorer.datacollection", "fields": {"complete": false, "source": null, "planet": 1, "person": 2, "display": false, "calid": 1}}, {"pk": 104, "model": "dataexplorer.datacollection", "fields": {"complete": false, "source": 98, "planet": 1, "person": 2, "display": false, "calid": 2}}, {"pk": 105, "model": "dataexplorer.datacollection", "fields": {"complete": false, "source": 167, "planet": 1, "person": 2, "display": false, "calid": 3}}, {"pk": 106, "model": "dataexplorer.datacollection", "fields": {"complete": false, "source": 128, "planet": 1, "person": 2, "display": false, "calid": 4}}, {"pk": 1738, "model": "dataexplorer.datapoint", "fields": {"xpos": 521, "ypos": 460, "value": 357490.34999999998, "entrymode": "W", "radius": 10, "user": 1, "offset": 0.0, "taken": "2011-07-13 19:17:52", "coorder": null, "pointtype": "S", "data": 19}}, {"pk": 1739, "model": "dataexplorer.datapoint", "fields": {"xpos": 462, "ypos": 591, "value": 13839.370000000001, "entrymode": "W", "radius": 10, "user": 1, "offset": 143.0, "taken": "2011-07-13 19:17:52", "coorder": null, "pointtype": "B", "data": 19}}, {"pk": 1740, "model": "dataexplorer.datapoint", "fields": {"xpos": 105, "ypos": 510, "value": 30886.533203125, "entrymode": "W", "radius": 10, "user": 1, "offset": 418.0, "taken": "2011-07-13 19:17:52", "coorder": 94, "pointtype": "C", "data": 19}}, {"pk": 1741, "model": "dataexplorer.datapoint", "fields": {"xpos": 102, "ypos": 556, "value": 38796.0, "entrymode": "W", "radius": 10, "user": 1, "offset": 429.0, "taken": "2011-07-13 19:17:52", "coorder": 95, "pointtype": "C", "data": 19}}, {"pk": 1742, "model": "dataexplorer.datapoint", "fields": {"xpos": 112, "ypos": 262, "value": 115900.46582031201, "entrymode": "W", "radius": 10, "user": 1, "offset": 454.0, "taken": "2011-07-13 19:17:52", "coorder": 96, "pointtype": "C", "data": 19}}, {"pk": 1743, "model": "dataexplorer.datapoint", "fields": {"xpos": 316, "ypos": 804, "value": 85437.708984375, "entrymode": "W", "radius": 10, "user": 1, "offset": 400.0, "taken": "2011-07-13 19:17:52", "coorder": 97, "pointtype": "C", "data": 19}}, {"pk": 2068, "model": "dataexplorer.datapoint", "fields": {"xpos": 112, "ypos": 260, "value": 113084.7265625, "entrymode": "W", "radius": 10, "user": 1, "offset": 458.0, "taken": "2011-08-26 16:17:42", "coorder": 96, "pointtype": "C", "data": 20}}, {"pk": 2067, "model": "dataexplorer.datapoint", "fields": {"xpos": 102, "ypos": 558, "value": 37542.0869140625, "entrymode": "W", "radius": 10, "user": 1, "offset": 431.0, "taken": "2011-08-26 16:17:42", "coorder": 95, "pointtype": "C", "data": 20}}, {"pk": 2066, "model": "dataexplorer.datapoint", "fields": {"xpos": 105, "ypos": 510, "value": 30103.5927734375, "entrymode": "W", "radius": 10, "user": 1, "offset": 420.0, "taken": "2011-08-26 16:17:42", "coorder": 94, "pointtype": "C", "data": 20}}, {"pk": 2065, "model": "dataexplorer.datapoint", "fields": {"xpos": 462, "ypos": 591, "value": 13804.07, "entrymode": "W", "radius": 10, "user": 1, "offset": 142.0, "taken": "2011-08-26 16:17:42", "coorder": null, "pointtype": "B", "data": 20}}, {"pk": 2064, "model": "dataexplorer.datapoint", "fields": {"xpos": 522, "ypos": 462, "value": 347471.23999999999, "entrymode": "W", "radius": 10, "user": 1, "offset": 0.0, "taken": "2011-08-26 16:17:42", "coorder": null, "pointtype": "S", "data": 20}}, {"pk": 1750, "model": "dataexplorer.datapoint", "fields": {"xpos": 522, "ypos": 463, "value": 355127.78000000003, "entrymode": "W", "radius": 10, "user": 1, "offset": 0.0, "taken": "2011-07-13 19:18:07", "coorder": null, "pointtype": "S", "data": 22}}, {"pk": 1751, "model": "dataexplorer.datapoint", "fields": {"xpos": 462, "ypos": 591, "value": 13638.049999999999, "entrymode": "W", "radius": 10, "user": 1, "offset": 141.0, "taken": "2011-07-13 19:18:07", "coorder": null, "pointtype": "B", "data": 22}}, {"pk": 1752, "model": "dataexplorer.datapoint", "fields": {"xpos": 105, "ypos": 510, "value": 30233.564453125, "entrymode": "W", "radius": 10, "user": 1, "offset": 419.0, "taken": "2011-07-13 19:18:07", "coorder": 94, "pointtype": "C", "data": 22}}, {"pk": 1753, "model": "dataexplorer.datapoint", "fields": {"xpos": 103, "ypos": 559, "value": 37679.638671875, "entrymode": "W", "radius": 10, "user": 1, "offset": 429.0, "taken": "2011-07-13 19:18:07", "coorder": 95, "pointtype": "C", "data": 22}}, {"pk": 1754, "model": "dataexplorer.datapoint", "fields": {"xpos": 114, "ypos": 262, "value": 116243.826171875, "entrymode": "W", "radius": 10, "user": 1, "offset": 454.0, "taken": "2011-07-13 19:18:07", "coorder": 96, "pointtype": "C", "data": 22}}, {"pk": 1755, "model": "dataexplorer.datapoint", "fields": {"xpos": 318, "ypos": 806, "value": 84995.8974609375, "entrymode": "W", "radius": 10, "user": 1, "offset": 399.0, "taken": "2011-07-13 19:18:07", "coorder": 97, "pointtype": "C", "data": 22}}, {"pk": 1762, "model": "dataexplorer.datapoint", "fields": {"xpos": 521, "ypos": 465, "value": 341651.64000000001, "entrymode": "W", "radius": 10, "user": 1, "offset": 0.0, "taken": "2011-07-13 19:18:21", "coorder": null, "pointtype": "S", "data": 23}}, {"pk": 1763, "model": "dataexplorer.datapoint", "fields": {"xpos": 462, "ypos": 591, "value": 12675.75, "entrymode": "W", "radius": 10, "user": 1, "offset": 139.0, "taken": "2011-07-13 19:18:21", "coorder": null, "pointtype": "B", "data": 23}}, {"pk": 1764, "model": "dataexplorer.datapoint", "fields": {"xpos": 106, "ypos": 515, "value": 28954.5478515625, "entrymode": "W", "radius": 10, "user": 1, "offset": 418.0, "taken": "2011-07-13 19:18:21", "coorder": 94, "pointtype": "C", "data": 23}}, {"pk": 1765, "model": "dataexplorer.datapoint", "fields": {"xpos": 103, "ypos": 561, "value": 36197.7041015625, "entrymode": "W", "radius": 10, "user": 1, "offset": 428.0, "taken": "2011-07-13 19:18:21", "coorder": 95, "pointtype": "C", "data": 23}}, {"pk": 1766, "model": "dataexplorer.datapoint", "fields": {"xpos": 113, "ypos": 264, "value": 111099.248046875, "entrymode": "W", "radius": 10, "user": 1, "offset": 454.0, "taken": "2011-07-13 19:18:21", "coorder": 96, "pointtype": "C", "data": 23}}, {"pk": 1767, "model": "dataexplorer.datapoint", "fields": {"xpos": 318, "ypos": 810, "value": 81477.2685546875, "entrymode": "W", "radius": 10, "user": 1, "offset": 400.0, "taken": "2011-07-13 19:18:21", "coorder": 97, "pointtype": "C", "data": 23}}, {"pk": 1768, "model": "dataexplorer.datapoint", "fields": {"xpos": 521, "ypos": 465, "value": 356663.58000000002, "entrymode": "W", "radius": 10, "user": 1, "offset": 0.0, "taken": "2011-07-13 19:20:18", "coorder": null, "pointtype": "S", "data": 24}}, {"pk": 1769, "model": "dataexplorer.datapoint", "fields": {"xpos": 462, "ypos": 591, "value": 11839.82, "entrymode": "W", "radius": 10, "user": 1, "offset": 139.0, "taken": "2011-07-13 19:20:18", "coorder": null, "pointtype": "B", "data": 24}}, {"pk": 1770, "model": "dataexplorer.datapoint", "fields": {"xpos": 105, "ypos": 511, "value": 29214.576171875, "entrymode": "W", "radius": 10, "user": 1, "offset": 418.0, "taken": "2011-07-13 19:20:18", "coorder": 94, "pointtype": "C", "data": 24}}, {"pk": 1771, "model": "dataexplorer.datapoint", "fields": {"xpos": 103, "ypos": 561, "value": 36541.498046875, "entrymode": "W", "radius": 10, "user": 1, "offset": 428.0, "taken": "2011-07-13 19:20:18", "coorder": 95, "pointtype": "C", "data": 24}}, {"pk": 1772, "model": "dataexplorer.datapoint", "fields": {"xpos": 113, "ypos": 264, "value": 115310.37109375, "entrymode": "W", "radius": 10, "user": 1, "offset": 454.0, "taken": "2011-07-13 19:20:18", "coorder": 96, "pointtype": "C", "data": 24}}, {"pk": 1773, "model": "dataexplorer.datapoint", "fields": {"xpos": 317, "ypos": 807, "value": 83931.400390625, "entrymode": "W", "radius": 10, "user": 1, "offset": 398.0, "taken": "2011-07-13 19:20:18", "coorder": 97, "pointtype": "C", "data": 24}}, {"pk": 1780, "model": "dataexplorer.datapoint", "fields": {"xpos": 514, "ypos": 465, "value": 356725.29999999999, "entrymode": "W", "radius": 10, "user": 1, "offset": 0.0, "taken": "2011-07-13 19:20:32", "coorder": null, "pointtype": "S", "data": 25}}, {"pk": 1781, "model": "dataexplorer.datapoint", "fields": {"xpos": 462, "ypos": 591, "value": 10158.51, "entrymode": "W", "radius": 10, "user": 1, "offset": 136.0, "taken": "2011-07-13 19:20:32", "coorder": null, "pointtype": "B", "data": 25}}, {"pk": 1782, "model": "dataexplorer.datapoint", "fields": {"xpos": 97, "ypos": 513, "value": 27307.59765625, "entrymode": "W", "radius": 10, "user": 1, "offset": 419.0, "taken": "2011-07-13 19:20:32", "coorder": 94, "pointtype": "C", "data": 25}}, {"pk": 1783, "model": "dataexplorer.datapoint", "fields": {"xpos": 94, "ypos": 562, "value": 34711.42578125, "entrymode": "W", "radius": 10, "user": 1, "offset": 431.0, "taken": "2011-07-13 19:20:32", "coorder": 95, "pointtype": "C", "data": 25}}, {"pk": 1784, "model": "dataexplorer.datapoint", "fields": {"xpos": 104, "ypos": 264, "value": 113558.53515625, "entrymode": "W", "radius": 10, "user": 1, "offset": 456.0, "taken": "2011-07-13 19:20:32", "coorder": 96, "pointtype": "C", "data": 25}}, {"pk": 1785, "model": "dataexplorer.datapoint", "fields": {"xpos": 307, "ypos": 809, "value": 82271.037109375, "entrymode": "W", "radius": 10, "user": 1, "offset": 401.0, "taken": "2011-07-13 19:20:32", "coorder": 97, "pointtype": "C", "data": 25}}, {"pk": 1786, "model": "dataexplorer.datapoint", "fields": {"xpos": 510, "ypos": 471, "value": 343795.14000000001, "entrymode": "W", "radius": 10, "user": 1, "offset": 0.0, "taken": "2011-07-13 19:20:43", "coorder": null, "pointtype": "S", "data": 26}}, {"pk": 1787, "model": "dataexplorer.datapoint", "fields": {"xpos": 462, "ypos": 591, "value": 8106.25, "entrymode": "W", "radius": 10, "user": 1, "offset": 129.0, "taken": "2011-07-13 19:20:43", "coorder": null, "pointtype": "B", "data": 26}}, {"pk": 1788, "model": "dataexplorer.datapoint", "fields": {"xpos": 94, "ypos": 519, "value": 24236.95703125, "entrymode": "W", "radius": 10, "user": 1, "offset": 418.0, "taken": "2011-07-13 19:20:43", "coorder": 94, "pointtype": "C", "data": 26}}, {"pk": 1789, "model": "dataexplorer.datapoint", "fields": {"xpos": 89, "ypos": 569, "value": 31287.9365234375, "entrymode": "W", "radius": 10, "user": 1, "offset": 432.0, "taken": "2011-07-13 19:20:43", "coorder": 95, "pointtype": "C", "data": 26}}, {"pk": 1790, "model": "dataexplorer.datapoint", "fields": {"xpos": 101, "ypos": 272, "value": 105659.11425781201, "entrymode": "W", "radius": 10, "user": 1, "offset": 454.0, "taken": "2011-07-13 19:20:43", "coorder": 96, "pointtype": "C", "data": 26}}, {"pk": 1791, "model": "dataexplorer.datapoint", "fields": {"xpos": 304, "ypos": 816, "value": 75963.23046875, "entrymode": "W", "radius": 10, "user": 1, "offset": 402.0, "taken": "2011-07-13 19:20:43", "coorder": 97, "pointtype": "C", "data": 26}}, {"pk": 1792, "model": "dataexplorer.datapoint", "fields": {"xpos": 503, "ypos": 465, "value": 352296.40000000002, "entrymode": "W", "radius": 10, "user": 1, "offset": 0.0, "taken": "2011-07-13 19:20:52", "coorder": null, "pointtype": "S", "data": 27}}, {"pk": 1793, "model": "dataexplorer.datapoint", "fields": {"xpos": 462, "ypos": 591, "value": 8170.4399999999996, "entrymode": "W", "radius": 10, "user": 1, "offset": 132.0, "taken": "2011-07-13 19:20:52", "coorder": null, "pointtype": "B", "data": 27}}, {"pk": 1794, "model": "dataexplorer.datapoint", "fields": {"xpos": 88, "ypos": 513, "value": 24523.083984375, "entrymode": "W", "radius": 10, "user": 1, "offset": 417.0, "taken": "2011-07-13 19:20:52", "coorder": 94, "pointtype": "C", "data": 27}}, {"pk": 1795, "model": "dataexplorer.datapoint", "fields": {"xpos": 84, "ypos": 561, "value": 31673.3408203125, "entrymode": "W", "radius": 10, "user": 1, "offset": 429.0, "taken": "2011-07-13 19:20:52", "coorder": 95, "pointtype": "C", "data": 27}}, {"pk": 1796, "model": "dataexplorer.datapoint", "fields": {"xpos": 95, "ypos": 264, "value": 107945.125, "entrymode": "W", "radius": 10, "user": 1, "offset": 454.0, "taken": "2011-07-13 19:20:52", "coorder": 96, "pointtype": "C", "data": 27}}, {"pk": 1797, "model": "dataexplorer.datapoint", "fields": {"xpos": 299, "ypos": 809, "value": 77577.583984375, "entrymode": "W", "radius": 10, "user": 1, "offset": 400.0, "taken": "2011-07-13 19:20:52", "coorder": 97, "pointtype": "C", "data": 27}}, {"pk": 1798, "model": "dataexplorer.datapoint", "fields": {"xpos": 502, "ypos": 450, "value": 345977.83000000002, "entrymode": "W", "radius": 10, "user": 1, "offset": 0.0, "taken": "2011-07-13 19:21:09", "coorder": null, "pointtype": "S", "data": 28}}, {"pk": 1799, "model": "dataexplorer.datapoint", "fields": {"xpos": 462, "ypos": 591, "value": 8502.8600000000006, "entrymode": "W", "radius": 10, "user": 1, "offset": 146.0, "taken": "2011-07-13 19:21:09", "coorder": null, "pointtype": "B", "data": 28}}, {"pk": 1800, "model": "dataexplorer.datapoint", "fields": {"xpos": 87, "ypos": 499, "value": 24730.005859375, "entrymode": "W", "radius": 10, "user": 1, "offset": 417.0, "taken": "2011-07-13 19:21:09", "coorder": 94, "pointtype": "C", "data": 28}}, {"pk": 1801, "model": "dataexplorer.datapoint", "fields": {"xpos": 84, "ypos": 545, "value": 31625.0, "entrymode": "W", "radius": 10, "user": 1, "offset": 428.0, "taken": "2011-07-13 19:21:09", "coorder": 95, "pointtype": "C", "data": 28}}, {"pk": 1802, "model": "dataexplorer.datapoint", "fields": {"xpos": 94, "ypos": 250, "value": 106725.89746093799, "entrymode": "W", "radius": 10, "user": 1, "offset": 454.0, "taken": "2011-07-13 19:21:09", "coorder": 96, "pointtype": "C", "data": 28}}, {"pk": 1803, "model": "dataexplorer.datapoint", "fields": {"xpos": 299, "ypos": 793, "value": 76689.4794921875, "entrymode": "W", "radius": 10, "user": 1, "offset": 399.0, "taken": "2011-07-13 19:21:09", "coorder": 97, "pointtype": "C", "data": 28}}, {"pk": 1810, "model": "dataexplorer.datapoint", "fields": {"xpos": 520, "ypos": 457, "value": 354191.71999999997, "entrymode": "W", "radius": 10, "user": 1, "offset": 0.0, "taken": "2011-07-13 19:22:27", "coorder": null, "pointtype": "S", "data": 18}}, {"pk": 1811, "model": "dataexplorer.datapoint", "fields": {"xpos": 462, "ypos": 591, "value": 14098.23, "entrymode": "W", "radius": 10, "user": 1, "offset": 146.0, "taken": "2011-07-13 19:22:27", "coorder": null, "pointtype": "B", "data": 18}}, {"pk": 1812, "model": "dataexplorer.datapoint", "fields": {"xpos": 105, "ypos": 503, "value": 30869.3955078125, "entrymode": "W", "radius": 10, "user": 1, "offset": 417.0, "taken": "2011-07-13 19:22:27", "coorder": 94, "pointtype": "C", "data": 18}}, {"pk": 1813, "model": "dataexplorer.datapoint", "fields": {"xpos": 101, "ypos": 551, "value": 43428.4697265625, "entrymode": "W", "radius": 10, "user": 1, "offset": 429.0, "taken": "2011-07-13 19:22:27", "coorder": 95, "pointtype": "C", "data": 18}}, {"pk": 1814, "model": "dataexplorer.datapoint", "fields": {"xpos": 112, "ypos": 257, "value": 115335.4140625, "entrymode": "W", "radius": 10, "user": 1, "offset": 454.0, "taken": "2011-07-13 19:22:27", "coorder": 96, "pointtype": "C", "data": 18}}, {"pk": 1815, "model": "dataexplorer.datapoint", "fields": {"xpos": 316, "ypos": 802, "value": 84125.0517578125, "entrymode": "W", "radius": 10, "user": 1, "offset": 400.0, "taken": "2011-07-13 19:22:27", "coorder": 97, "pointtype": "C", "data": 18}}, {"pk": 1816, "model": "dataexplorer.datapoint", "fields": {"xpos": 520, "ypos": 461, "value": 358355.23999999999, "entrymode": "W", "radius": 10, "user": 1, "offset": 0.0, "taken": "2011-07-13 19:23:56", "coorder": null, "pointtype": "S", "data": 21}}, {"pk": 1817, "model": "dataexplorer.datapoint", "fields": {"xpos": 462, "ypos": 591, "value": 14534.9, "entrymode": "W", "radius": 10, "user": 1, "offset": 142.0, "taken": "2011-07-13 19:23:56", "coorder": null, "pointtype": "B", "data": 21}}, {"pk": 1818, "model": "dataexplorer.datapoint", "fields": {"xpos": 105, "ypos": 510, "value": 30992.2109375, "entrymode": "W", "radius": 10, "user": 1, "offset": 417.0, "taken": "2011-07-13 19:23:56", "coorder": 94, "pointtype": "C", "data": 21}}, {"pk": 1819, "model": "dataexplorer.datapoint", "fields": {"xpos": 102, "ypos": 558, "value": 38326.0146484375, "entrymode": "W", "radius": 10, "user": 1, "offset": 429.0, "taken": "2011-07-13 19:23:56", "coorder": 95, "pointtype": "C", "data": 21}}, {"pk": 1820, "model": "dataexplorer.datapoint", "fields": {"xpos": 112, "ypos": 260, "value": 114299.24316406201, "entrymode": "W", "radius": 10, "user": 1, "offset": 454.0, "taken": "2011-07-13 19:23:56", "coorder": 96, "pointtype": "C", "data": 21}}, {"pk": 1821, "model": "dataexplorer.datapoint", "fields": {"xpos": 317, "ypos": 805, "value": 83705.3798828125, "entrymode": "W", "radius": 10, "user": 1, "offset": 399.0, "taken": "2011-07-13 19:23:56", "coorder": 97, "pointtype": "C", "data": 21}}, {"pk": 1822, "model": "dataexplorer.datapoint", "fields": {"xpos": 521, "ypos": 460, "value": 370659.97999999998, "entrymode": "W", "radius": 10, "user": 1, "offset": 0.0, "taken": "2011-07-13 19:24:05", "coorder": null, "pointtype": "S", "data": 29}}, {"pk": 1823, "model": "dataexplorer.datapoint", "fields": {"xpos": 462, "ypos": 591, "value": 14333.4, "entrymode": "W", "radius": 10, "user": 1, "offset": 143.0, "taken": "2011-07-13 19:24:05", "coorder": null, "pointtype": "B", "data": 29}}, {"pk": 1824, "model": "dataexplorer.datapoint", "fields": {"xpos": 106, "ypos": 508, "value": 31612.396484375, "entrymode": "W", "radius": 10, "user": 1, "offset": 417.0, "taken": "2011-07-13 19:24:05", "coorder": 94, "pointtype": "C", "data": 29}}, {"pk": 1825, "model": "dataexplorer.datapoint", "fields": {"xpos": 101, "ypos": 555, "value": 39237.158203125, "entrymode": "W", "radius": 10, "user": 1, "offset": 430.0, "taken": "2011-07-13 19:24:05", "coorder": 95, "pointtype": "C", "data": 29}}, {"pk": 1826, "model": "dataexplorer.datapoint", "fields": {"xpos": 112, "ypos": 259, "value": 117655.287109375, "entrymode": "W", "radius": 10, "user": 1, "offset": 455.0, "taken": "2011-07-13 19:24:05", "coorder": 96, "pointtype": "C", "data": 29}}, {"pk": 1827, "model": "dataexplorer.datapoint", "fields": {"xpos": 316, "ypos": 802, "value": 85930.962890625, "entrymode": "W", "radius": 10, "user": 1, "offset": 398.0, "taken": "2011-07-13 19:24:05", "coorder": 97, "pointtype": "C", "data": 29}}, {"pk": 1828, "model": "dataexplorer.datapoint", "fields": {"xpos": 521, "ypos": 460, "value": 320121.57000000001, "entrymode": "W", "radius": 10, "user": 1, "offset": 0.0, "taken": "2011-07-13 19:24:12", "coorder": null, "pointtype": "S", "data": 30}}, {"pk": 1829, "model": "dataexplorer.datapoint", "fields": {"xpos": 462, "ypos": 591, "value": 14411.059999999999, "entrymode": "W", "radius": 10, "user": 1, "offset": 143.0, "taken": "2011-07-13 19:24:12", "coorder": null, "pointtype": "B", "data": 30}}, {"pk": 1830, "model": "dataexplorer.datapoint", "fields": {"xpos": 106, "ypos": 508, "value": 28917.671386718801, "entrymode": "W", "radius": 10, "user": 1, "offset": 417.0, "taken": "2011-07-13 19:24:12", "coorder": 94, "pointtype": "C", "data": 30}}, {"pk": 1831, "model": "dataexplorer.datapoint", "fields": {"xpos": 101, "ypos": 555, "value": 35185.274902343801, "entrymode": "W", "radius": 10, "user": 1, "offset": 430.0, "taken": "2011-07-13 19:24:12", "coorder": 95, "pointtype": "C", "data": 30}}, {"pk": 1832, "model": "dataexplorer.datapoint", "fields": {"xpos": 112, "ypos": 259, "value": 102849.74609375, "entrymode": "W", "radius": 10, "user": 1, "offset": 455.0, "taken": "2011-07-13 19:24:12", "coorder": 96, "pointtype": "C", "data": 30}}, {"pk": 1833, "model": "dataexplorer.datapoint", "fields": {"xpos": 316, "ypos": 802, "value": 74961.416015625, "entrymode": "W", "radius": 10, "user": 1, "offset": 398.0, "taken": "2011-07-13 19:24:12", "coorder": 97, "pointtype": "C", "data": 30}}, {"pk": 1852, "model": "dataexplorer.datapoint", "fields": {"xpos": 669, "ypos": 532, "value": 272463.83000000002, "entrymode": "W", "radius": 10, "user": 1, "offset": 0.0, "taken": "2011-08-24 14:27:50", "coorder": null, "pointtype": "S", "data": 31}}, {"pk": 1851, "model": "dataexplorer.datapoint", "fields": {"xpos": 343, "ypos": 675, "value": 0.0, "entrymode": "W", "radius": 0, "user": 2, "offset": 355.0, "taken": "2011-08-24 14:07:08", "coorder": 98, "pointtype": "C", "data": 31}}, {"pk": 1849, "model": "dataexplorer.datapoint", "fields": {"xpos": 669, "ypos": 532, "value": 0.0, "entrymode": "W", "radius": 0, "user": 2, "offset": 0.0, "taken": "2011-08-24 14:07:08", "coorder": null, "pointtype": "S", "data": 31}}, {"pk": 1850, "model": "dataexplorer.datapoint", "fields": {"xpos": 622, "ypos": 578, "value": 0.0, "entrymode": "W", "radius": 0, "user": 2, "offset": 64.0, "taken": "2011-08-24 14:07:08", "coorder": null, "pointtype": "B", "data": 31}}, {"pk": 1853, "model": "dataexplorer.datapoint", "fields": {"xpos": 622, "ypos": 578, "value": 12931.33, "entrymode": "W", "radius": 10, "user": 1, "offset": 64.0, "taken": "2011-08-24 14:27:50", "coorder": null, "pointtype": "B", "data": 31}}, {"pk": 1854, "model": "dataexplorer.datapoint", "fields": {"xpos": 343, "ypos": 675, "value": 228326.23834991499, "entrymode": "W", "radius": 10, "user": 1, "offset": 355.0, "taken": "2011-08-24 14:27:50", "coorder": 99, "pointtype": "C", "data": 31}}, {"pk": 1855, "model": "dataexplorer.datapoint", "fields": {"xpos": 445, "ypos": 428, "value": 59699.491481780999, "entrymode": "W", "radius": 10, "user": 1, "offset": 247.0, "taken": "2011-08-24 14:27:50", "coorder": 100, "pointtype": "C", "data": 31}}, {"pk": 1856, "model": "dataexplorer.datapoint", "fields": {"xpos": 224, "ypos": 301, "value": 47870.521926879897, "entrymode": "W", "radius": 10, "user": 1, "offset": 501.0, "taken": "2011-08-24 14:27:50", "coorder": 101, "pointtype": "C", "data": 31}}, {"pk": 1857, "model": "dataexplorer.datapoint", "fields": {"xpos": 669, "ypos": 532, "value": 423024.09000000003, "entrymode": "W", "radius": 10, "user": 1, "offset": 0.0, "taken": "2011-08-24 14:28:57", "coorder": null, "pointtype": "S", "data": 56}}, {"pk": 1858, "model": "dataexplorer.datapoint", "fields": {"xpos": 622, "ypos": 578, "value": 23950.77, "entrymode": "W", "radius": 10, "user": 1, "offset": 65.0, "taken": "2011-08-24 14:28:57", "coorder": null, "pointtype": "B", "data": 56}}, {"pk": 1859, "model": "dataexplorer.datapoint", "fields": {"xpos": 343, "ypos": 675, "value": 358811.45303344697, "entrymode": "W", "radius": 10, "user": 1, "offset": 355.0, "taken": "2011-08-24 14:28:57", "coorder": 99, "pointtype": "C", "data": 56}}, {"pk": 1860, "model": "dataexplorer.datapoint", "fields": {"xpos": 445, "ypos": 428, "value": 96964.067665100098, "entrymode": "W", "radius": 10, "user": 1, "offset": 246.0, "taken": "2011-08-24 14:28:57", "coorder": 100, "pointtype": "C", "data": 56}}, {"pk": 1861, "model": "dataexplorer.datapoint", "fields": {"xpos": 224, "ypos": 301, "value": 78461.489471435503, "entrymode": "W", "radius": 10, "user": 1, "offset": 501.0, "taken": "2011-08-24 14:28:57", "coorder": 101, "pointtype": "C", "data": 56}}, {"pk": 1875, "model": "dataexplorer.datapoint", "fields": {"xpos": 445, "ypos": 428, "value": 109376.567855835, "entrymode": "W", "radius": 10, "user": 1, "offset": 246.0, "taken": "2011-08-24 14:31:51", "coorder": 100, "pointtype": "C", "data": 137}}, {"pk": 1874, "model": "dataexplorer.datapoint", "fields": {"xpos": 343, "ypos": 675, "value": 364470.85435485799, "entrymode": "W", "radius": 10, "user": 1, "offset": 355.0, "taken": "2011-08-24 14:31:51", "coorder": 99, "pointtype": "C", "data": 137}}, {"pk": 1873, "model": "dataexplorer.datapoint", "fields": {"xpos": 622, "ypos": 578, "value": 38281.629999999997, "entrymode": "W", "radius": 10, "user": 1, "offset": 65.0, "taken": "2011-08-24 14:31:51", "coorder": null, "pointtype": "B", "data": 137}}, {"pk": 1872, "model": "dataexplorer.datapoint", "fields": {"xpos": 669, "ypos": 532, "value": 430281.51000000001, "entrymode": "W", "radius": 10, "user": 1, "offset": 0.0, "taken": "2011-08-24 14:31:51", "coorder": null, "pointtype": "S", "data": 137}}, {"pk": 1867, "model": "dataexplorer.datapoint", "fields": {"xpos": 669, "ypos": 532, "value": 431194.46999999997, "entrymode": "W", "radius": 10, "user": 1, "offset": 0.0, "taken": "2011-08-24 14:29:08", "coorder": null, "pointtype": "S", "data": 57}}, {"pk": 1868, "model": "dataexplorer.datapoint", "fields": {"xpos": 622, "ypos": 578, "value": 23507.68, "entrymode": "W", "radius": 10, "user": 1, "offset": 65.0, "taken": "2011-08-24 14:29:08", "coorder": null, "pointtype": "B", "data": 57}}, {"pk": 1869, "model": "dataexplorer.datapoint", "fields": {"xpos": 343, "ypos": 675, "value": 364982.60272979701, "entrymode": "W", "radius": 10, "user": 1, "offset": 355.0, "taken": "2011-08-24 14:29:08", "coorder": 99, "pointtype": "C", "data": 57}}, {"pk": 1870, "model": "dataexplorer.datapoint", "fields": {"xpos": 445, "ypos": 428, "value": 97927.118316650405, "entrymode": "W", "radius": 10, "user": 1, "offset": 246.0, "taken": "2011-08-24 14:29:08", "coorder": 100, "pointtype": "C", "data": 57}}, {"pk": 1871, "model": "dataexplorer.datapoint", "fields": {"xpos": 224, "ypos": 301, "value": 78917.7941627502, "entrymode": "W", "radius": 10, "user": 1, "offset": 501.0, "taken": "2011-08-24 14:29:08", "coorder": 101, "pointtype": "C", "data": 57}}, {"pk": 1876, "model": "dataexplorer.datapoint", "fields": {"xpos": 224, "ypos": 301, "value": 91273.939674377398, "entrymode": "W", "radius": 10, "user": 1, "offset": 501.0, "taken": "2011-08-24 14:31:51", "coorder": 101, "pointtype": "C", "data": 137}}, {"pk": 1877, "model": "dataexplorer.datapoint", "fields": {"xpos": 669, "ypos": 532, "value": 430565.45000000001, "entrymode": "W", "radius": 10, "user": 1, "offset": 0.0, "taken": "2011-08-24 14:31:57", "coorder": null, "pointtype": "S", "data": 139}}, {"pk": 1878, "model": "dataexplorer.datapoint", "fields": {"xpos": 622, "ypos": 578, "value": 39776.889999999999, "entrymode": "W", "radius": 10, "user": 1, "offset": 65.0, "taken": "2011-08-24 14:31:57", "coorder": null, "pointtype": "B", "data": 139}}, {"pk": 1879, "model": "dataexplorer.datapoint", "fields": {"xpos": 343, "ypos": 675, "value": 365112.43965148902, "entrymode": "W", "radius": 10, "user": 1, "offset": 355.0, "taken": "2011-08-24 14:31:57", "coorder": 99, "pointtype": "C", "data": 139}}, {"pk": 1880, "model": "dataexplorer.datapoint", "fields": {"xpos": 445, "ypos": 428, "value": 110698.82220459, "entrymode": "W", "radius": 10, "user": 1, "offset": 246.0, "taken": "2011-08-24 14:31:57", "coorder": 100, "pointtype": "C", "data": 139}}, {"pk": 1881, "model": "dataexplorer.datapoint", "fields": {"xpos": 224, "ypos": 301, "value": 93353.686958313003, "entrymode": "W", "radius": 10, "user": 1, "offset": 501.0, "taken": "2011-08-24 14:31:57", "coorder": 101, "pointtype": "C", "data": 139}}, {"pk": 1882, "model": "dataexplorer.datapoint", "fields": {"xpos": 669, "ypos": 532, "value": 433477.0, "entrymode": "W", "radius": 10, "user": 1, "offset": 0.0, "taken": "2011-08-24 14:32:01", "coorder": null, "pointtype": "S", "data": 58}}, {"pk": 1883, "model": "dataexplorer.datapoint", "fields": {"xpos": 622, "ypos": 578, "value": 23851.099999999999, "entrymode": "W", "radius": 10, "user": 1, "offset": 65.0, "taken": "2011-08-24 14:32:01", "coorder": null, "pointtype": "B", "data": 58}}, {"pk": 1884, "model": "dataexplorer.datapoint", "fields": {"xpos": 343, "ypos": 675, "value": 367632.508178711, "entrymode": "W", "radius": 10, "user": 1, "offset": 355.0, "taken": "2011-08-24 14:32:01", "coorder": 99, "pointtype": "C", "data": 58}}, {"pk": 1885, "model": "dataexplorer.datapoint", "fields": {"xpos": 445, "ypos": 428, "value": 98509.059432983398, "entrymode": "W", "radius": 10, "user": 1, "offset": 246.0, "taken": "2011-08-24 14:32:01", "coorder": 100, "pointtype": "C", "data": 58}}, {"pk": 1886, "model": "dataexplorer.datapoint", "fields": {"xpos": 224, "ypos": 301, "value": 79646.710250854507, "entrymode": "W", "radius": 10, "user": 1, "offset": 501.0, "taken": "2011-08-24 14:32:01", "coorder": 101, "pointtype": "C", "data": 58}}, {"pk": 1887, "model": "dataexplorer.datapoint", "fields": {"xpos": 669, "ypos": 532, "value": 436989.39000000001, "entrymode": "W", "radius": 10, "user": 1, "offset": 0.0, "taken": "2011-08-24 14:32:06", "coorder": null, "pointtype": "S", "data": 32}}, {"pk": 1888, "model": "dataexplorer.datapoint", "fields": {"xpos": 622, "ypos": 578, "value": 21327.32, "entrymode": "W", "radius": 10, "user": 1, "offset": 65.0, "taken": "2011-08-24 14:32:06", "coorder": null, "pointtype": "B", "data": 32}}, {"pk": 1889, "model": "dataexplorer.datapoint", "fields": {"xpos": 343, "ypos": 675, "value": 367754.91552734398, "entrymode": "W", "radius": 10, "user": 1, "offset": 355.0, "taken": "2011-08-24 14:32:06", "coorder": 99, "pointtype": "C", "data": 32}}, {"pk": 1890, "model": "dataexplorer.datapoint", "fields": {"xpos": 445, "ypos": 428, "value": 96860.948005676299, "entrymode": "W", "radius": 10, "user": 1, "offset": 246.0, "taken": "2011-08-24 14:32:06", "coorder": 100, "pointtype": "C", "data": 32}}, {"pk": 1891, "model": "dataexplorer.datapoint", "fields": {"xpos": 224, "ypos": 301, "value": 77583.099983215303, "entrymode": "W", "radius": 10, "user": 1, "offset": 501.0, "taken": "2011-08-24 14:32:06", "coorder": 101, "pointtype": "C", "data": 32}}, {"pk": 1892, "model": "dataexplorer.datapoint", "fields": {"xpos": 669, "ypos": 532, "value": 434798.81, "entrymode": "W", "radius": 10, "user": 1, "offset": 0.0, "taken": "2011-08-24 14:32:10", "coorder": null, "pointtype": "S", "data": 60}}, {"pk": 1893, "model": "dataexplorer.datapoint", "fields": {"xpos": 622, "ypos": 578, "value": 23791.82, "entrymode": "W", "radius": 10, "user": 1, "offset": 65.0, "taken": "2011-08-24 14:32:10", "coorder": null, "pointtype": "B", "data": 60}}, {"pk": 1894, "model": "dataexplorer.datapoint", "fields": {"xpos": 343, "ypos": 675, "value": 368108.22695922898, "entrymode": "W", "radius": 10, "user": 1, "offset": 355.0, "taken": "2011-08-24 14:32:10", "coorder": 99, "pointtype": "C", "data": 60}}, {"pk": 1895, "model": "dataexplorer.datapoint", "fields": {"xpos": 445, "ypos": 428, "value": 98698.514419555693, "entrymode": "W", "radius": 10, "user": 1, "offset": 246.0, "taken": "2011-08-24 14:32:10", "coorder": 100, "pointtype": "C", "data": 60}}, {"pk": 1896, "model": "dataexplorer.datapoint", "fields": {"xpos": 224, "ypos": 301, "value": 79766.716377258301, "entrymode": "W", "radius": 10, "user": 1, "offset": 501.0, "taken": "2011-08-24 14:32:10", "coorder": 101, "pointtype": "C", "data": 60}}, {"pk": 1897, "model": "dataexplorer.datapoint", "fields": {"xpos": 669, "ypos": 532, "value": 437180.88, "entrymode": "W", "radius": 10, "user": 1, "offset": 0.0, "taken": "2011-08-24 14:32:16", "coorder": null, "pointtype": "S", "data": 33}}, {"pk": 1898, "model": "dataexplorer.datapoint", "fields": {"xpos": 622, "ypos": 578, "value": 21909.23, "entrymode": "W", "radius": 10, "user": 1, "offset": 65.0, "taken": "2011-08-24 14:32:16", "coorder": null, "pointtype": "B", "data": 33}}, {"pk": 1899, "model": "dataexplorer.datapoint", "fields": {"xpos": 343, "ypos": 675, "value": 367828.88047790498, "entrymode": "W", "radius": 10, "user": 1, "offset": 355.0, "taken": "2011-08-24 14:32:16", "coorder": 99, "pointtype": "C", "data": 33}}, {"pk": 1900, "model": "dataexplorer.datapoint", "fields": {"xpos": 445, "ypos": 428, "value": 96579.380397796602, "entrymode": "W", "radius": 10, "user": 1, "offset": 246.0, "taken": "2011-08-24 14:32:16", "coorder": 100, "pointtype": "C", "data": 33}}, {"pk": 1901, "model": "dataexplorer.datapoint", "fields": {"xpos": 224, "ypos": 301, "value": 77319.113098144502, "entrymode": "W", "radius": 10, "user": 1, "offset": 501.0, "taken": "2011-08-24 14:32:16", "coorder": 101, "pointtype": "C", "data": 33}}, {"pk": 1902, "model": "dataexplorer.datapoint", "fields": {"xpos": 669, "ypos": 532, "value": 426327.01000000001, "entrymode": "W", "radius": 10, "user": 1, "offset": 0.0, "taken": "2011-08-24 14:32:20", "coorder": null, "pointtype": "S", "data": 62}}, {"pk": 1903, "model": "dataexplorer.datapoint", "fields": {"xpos": 622, "ypos": 578, "value": 24133.48, "entrymode": "W", "radius": 10, "user": 1, "offset": 65.0, "taken": "2011-08-24 14:32:20", "coorder": null, "pointtype": "B", "data": 62}}, {"pk": 1904, "model": "dataexplorer.datapoint", "fields": {"xpos": 343, "ypos": 675, "value": 363919.99940490699, "entrymode": "W", "radius": 10, "user": 1, "offset": 355.0, "taken": "2011-08-24 14:32:20", "coorder": 99, "pointtype": "C", "data": 62}}, {"pk": 1905, "model": "dataexplorer.datapoint", "fields": {"xpos": 445, "ypos": 428, "value": 97634.513206481904, "entrymode": "W", "radius": 10, "user": 1, "offset": 246.0, "taken": "2011-08-24 14:32:20", "coorder": 100, "pointtype": "C", "data": 62}}, {"pk": 1906, "model": "dataexplorer.datapoint", "fields": {"xpos": 224, "ypos": 301, "value": 79029.678703308105, "entrymode": "W", "radius": 10, "user": 1, "offset": 501.0, "taken": "2011-08-24 14:32:20", "coorder": 101, "pointtype": "C", "data": 62}}, {"pk": 1907, "model": "dataexplorer.datapoint", "fields": {"xpos": 669, "ypos": 532, "value": 426494.96000000002, "entrymode": "W", "radius": 10, "user": 1, "offset": 0.0, "taken": "2011-08-24 14:37:53", "coorder": null, "pointtype": "S", "data": 34}}, {"pk": 1908, "model": "dataexplorer.datapoint", "fields": {"xpos": 622, "ypos": 578, "value": 21417.669999999998, "entrymode": "W", "radius": 10, "user": 1, "offset": 65.0, "taken": "2011-08-24 14:37:53", "coorder": null, "pointtype": "B", "data": 34}}, {"pk": 1909, "model": "dataexplorer.datapoint", "fields": {"xpos": 343, "ypos": 675, "value": 359822.38309478801, "entrymode": "W", "radius": 10, "user": 1, "offset": 355.0, "taken": "2011-08-24 14:37:53", "coorder": 99, "pointtype": "C", "data": 34}}, {"pk": 1910, "model": "dataexplorer.datapoint", "fields": {"xpos": 445, "ypos": 428, "value": 95128.183174133301, "entrymode": "W", "radius": 10, "user": 1, "offset": 246.0, "taken": "2011-08-24 14:37:53", "coorder": 100, "pointtype": "C", "data": 34}}, {"pk": 1911, "model": "dataexplorer.datapoint", "fields": {"xpos": 224, "ypos": 301, "value": 76103.041004180894, "entrymode": "W", "radius": 10, "user": 1, "offset": 501.0, "taken": "2011-08-24 14:37:53", "coorder": 101, "pointtype": "C", "data": 34}}, {"pk": 1912, "model": "dataexplorer.datapoint", "fields": {"xpos": 669, "ypos": 532, "value": 433689.77000000002, "entrymode": "W", "radius": 10, "user": 1, "offset": 0.0, "taken": "2011-08-24 14:37:58", "coorder": null, "pointtype": "S", "data": 64}}, {"pk": 1913, "model": "dataexplorer.datapoint", "fields": {"xpos": 622, "ypos": 578, "value": 23930.150000000001, "entrymode": "W", "radius": 10, "user": 1, "offset": 65.0, "taken": "2011-08-24 14:37:58", "coorder": null, "pointtype": "B", "data": 64}}, {"pk": 1914, "model": "dataexplorer.datapoint", "fields": {"xpos": 343, "ypos": 675, "value": 370336.86306762701, "entrymode": "W", "radius": 10, "user": 1, "offset": 355.0, "taken": "2011-08-24 14:37:58", "coorder": 99, "pointtype": "C", "data": 64}}, {"pk": 1915, "model": "dataexplorer.datapoint", "fields": {"xpos": 445, "ypos": 428, "value": 99775.8875350952, "entrymode": "W", "radius": 10, "user": 1, "offset": 246.0, "taken": "2011-08-24 14:37:58", "coorder": 100, "pointtype": "C", "data": 64}}, {"pk": 1916, "model": "dataexplorer.datapoint", "fields": {"xpos": 224, "ypos": 301, "value": 80179.7546653748, "entrymode": "W", "radius": 10, "user": 1, "offset": 501.0, "taken": "2011-08-24 14:37:58", "coorder": 101, "pointtype": "C", "data": 64}}, {"pk": 1917, "model": "dataexplorer.datapoint", "fields": {"xpos": 669, "ypos": 532, "value": 433990.09999999998, "entrymode": "W", "radius": 10, "user": 1, "offset": 0.0, "taken": "2011-08-24 14:38:03", "coorder": null, "pointtype": "S", "data": 35}}, {"pk": 1918, "model": "dataexplorer.datapoint", "fields": {"xpos": 622, "ypos": 578, "value": 21603.110000000001, "entrymode": "W", "radius": 10, "user": 1, "offset": 65.0, "taken": "2011-08-24 14:38:03", "coorder": null, "pointtype": "B", "data": 35}}, {"pk": 1919, "model": "dataexplorer.datapoint", "fields": {"xpos": 343, "ypos": 675, "value": 366754.85115814197, "entrymode": "W", "radius": 10, "user": 1, "offset": 355.0, "taken": "2011-08-24 14:38:03", "coorder": 99, "pointtype": "C", "data": 35}}, {"pk": 1920, "model": "dataexplorer.datapoint", "fields": {"xpos": 445, "ypos": 428, "value": 96585.919166564898, "entrymode": "W", "radius": 10, "user": 1, "offset": 246.0, "taken": "2011-08-24 14:38:03", "coorder": 100, "pointtype": "C", "data": 35}}, {"pk": 1921, "model": "dataexplorer.datapoint", "fields": {"xpos": 224, "ypos": 301, "value": 77611.066898345904, "entrymode": "W", "radius": 10, "user": 1, "offset": 501.0, "taken": "2011-08-24 14:38:03", "coorder": 101, "pointtype": "C", "data": 35}}, {"pk": 1922, "model": "dataexplorer.datapoint", "fields": {"xpos": 669, "ypos": 532, "value": 439654.25, "entrymode": "W", "radius": 10, "user": 1, "offset": 0.0, "taken": "2011-08-24 14:38:15", "coorder": null, "pointtype": "S", "data": 66}}, {"pk": 1923, "model": "dataexplorer.datapoint", "fields": {"xpos": 622, "ypos": 578, "value": 35854.919999999998, "entrymode": "W", "radius": 10, "user": 1, "offset": 65.0, "taken": "2011-08-24 14:38:15", "coorder": null, "pointtype": "B", "data": 66}}, {"pk": 1924, "model": "dataexplorer.datapoint", "fields": {"xpos": 343, "ypos": 675, "value": 378768.72451782197, "entrymode": "W", "radius": 10, "user": 1, "offset": 355.0, "taken": "2011-08-24 14:38:15", "coorder": 99, "pointtype": "C", "data": 66}}, {"pk": 1925, "model": "dataexplorer.datapoint", "fields": {"xpos": 445, "ypos": 428, "value": 110687.36809539799, "entrymode": "W", "radius": 10, "user": 1, "offset": 246.0, "taken": "2011-08-24 14:38:15", "coorder": 100, "pointtype": "C", "data": 66}}, {"pk": 1926, "model": "dataexplorer.datapoint", "fields": {"xpos": 224, "ypos": 301, "value": 92788.110664367705, "entrymode": "W", "radius": 10, "user": 1, "offset": 501.0, "taken": "2011-08-24 14:38:15", "coorder": 101, "pointtype": "C", "data": 66}}, {"pk": 1927, "model": "dataexplorer.datapoint", "fields": {"xpos": 669, "ypos": 532, "value": 432652.79999999999, "entrymode": "W", "radius": 10, "user": 1, "offset": 0.0, "taken": "2011-08-24 14:38:40", "coorder": null, "pointtype": "S", "data": 36}}, {"pk": 1928, "model": "dataexplorer.datapoint", "fields": {"xpos": 622, "ypos": 578, "value": 21449.23, "entrymode": "W", "radius": 10, "user": 1, "offset": 65.0, "taken": "2011-08-24 14:38:40", "coorder": null, "pointtype": "B", "data": 36}}, {"pk": 1929, "model": "dataexplorer.datapoint", "fields": {"xpos": 343, "ypos": 675, "value": 364791.221382141, "entrymode": "W", "radius": 10, "user": 1, "offset": 355.0, "taken": "2011-08-24 14:38:40", "coorder": 99, "pointtype": "C", "data": 36}}, {"pk": 1930, "model": "dataexplorer.datapoint", "fields": {"xpos": 445, "ypos": 428, "value": 96466.988082885699, "entrymode": "W", "radius": 10, "user": 1, "offset": 246.0, "taken": "2011-08-24 14:38:40", "coorder": 100, "pointtype": "C", "data": 36}}, {"pk": 1931, "model": "dataexplorer.datapoint", "fields": {"xpos": 224, "ypos": 301, "value": 77073.675304412798, "entrymode": "W", "radius": 10, "user": 1, "offset": 501.0, "taken": "2011-08-24 14:38:40", "coorder": 101, "pointtype": "C", "data": 36}}, {"pk": 1932, "model": "dataexplorer.datapoint", "fields": {"xpos": 669, "ypos": 532, "value": 439185.76000000001, "entrymode": "W", "radius": 10, "user": 1, "offset": 0.0, "taken": "2011-08-24 14:40:42", "coorder": null, "pointtype": "S", "data": 68}}, {"pk": 1933, "model": "dataexplorer.datapoint", "fields": {"xpos": 622, "ypos": 578, "value": 32603.900000000001, "entrymode": "W", "radius": 10, "user": 1, "offset": 65.0, "taken": "2011-08-24 14:40:42", "coorder": null, "pointtype": "B", "data": 68}}, {"pk": 1934, "model": "dataexplorer.datapoint", "fields": {"xpos": 343, "ypos": 675, "value": 378604.86483001697, "entrymode": "W", "radius": 10, "user": 1, "offset": 355.0, "taken": "2011-08-24 14:40:42", "coorder": 99, "pointtype": "C", "data": 68}}, {"pk": 1935, "model": "dataexplorer.datapoint", "fields": {"xpos": 445, "ypos": 428, "value": 108219.73513031, "entrymode": "W", "radius": 10, "user": 1, "offset": 246.0, "taken": "2011-08-24 14:40:42", "coorder": 100, "pointtype": "C", "data": 68}}, {"pk": 1936, "model": "dataexplorer.datapoint", "fields": {"xpos": 224, "ypos": 301, "value": 89234.242897033706, "entrymode": "W", "radius": 10, "user": 1, "offset": 501.0, "taken": "2011-08-24 14:40:42", "coorder": 101, "pointtype": "C", "data": 68}}, {"pk": 1937, "model": "dataexplorer.datapoint", "fields": {"xpos": 669, "ypos": 532, "value": 435999.89000000001, "entrymode": "W", "radius": 10, "user": 1, "offset": 0.0, "taken": "2011-08-24 14:40:46", "coorder": null, "pointtype": "S", "data": 37}}, {"pk": 1938, "model": "dataexplorer.datapoint", "fields": {"xpos": 622, "ypos": 578, "value": 22833.009999999998, "entrymode": "W", "radius": 10, "user": 1, "offset": 65.0, "taken": "2011-08-24 14:40:46", "coorder": null, "pointtype": "B", "data": 37}}, {"pk": 1939, "model": "dataexplorer.datapoint", "fields": {"xpos": 343, "ypos": 675, "value": 366545.20198059099, "entrymode": "W", "radius": 10, "user": 1, "offset": 355.0, "taken": "2011-08-24 14:40:46", "coorder": 99, "pointtype": "C", "data": 37}}, {"pk": 1940, "model": "dataexplorer.datapoint", "fields": {"xpos": 445, "ypos": 428, "value": 97971.161689758301, "entrymode": "W", "radius": 10, "user": 1, "offset": 246.0, "taken": "2011-08-24 14:40:46", "coorder": 100, "pointtype": "C", "data": 37}}, {"pk": 1941, "model": "dataexplorer.datapoint", "fields": {"xpos": 224, "ypos": 301, "value": 78433.334980011001, "entrymode": "W", "radius": 10, "user": 1, "offset": 501.0, "taken": "2011-08-24 14:40:46", "coorder": 101, "pointtype": "C", "data": 37}}, {"pk": 1942, "model": "dataexplorer.datapoint", "fields": {"xpos": 669, "ypos": 532, "value": 424134.21000000002, "entrymode": "W", "radius": 10, "user": 1, "offset": 0.0, "taken": "2011-08-24 14:40:50", "coorder": null, "pointtype": "S", "data": 70}}, {"pk": 1943, "model": "dataexplorer.datapoint", "fields": {"xpos": 622, "ypos": 578, "value": 25155.990000000002, "entrymode": "W", "radius": 10, "user": 1, "offset": 65.0, "taken": "2011-08-24 14:40:50", "coorder": null, "pointtype": "B", "data": 70}}, {"pk": 1944, "model": "dataexplorer.datapoint", "fields": {"xpos": 343, "ypos": 675, "value": 363640.09908294701, "entrymode": "W", "radius": 10, "user": 1, "offset": 355.0, "taken": "2011-08-24 14:40:50", "coorder": 99, "pointtype": "C", "data": 70}}, {"pk": 1945, "model": "dataexplorer.datapoint", "fields": {"xpos": 445, "ypos": 428, "value": 99429.874206542998, "entrymode": "W", "radius": 10, "user": 1, "offset": 246.0, "taken": "2011-08-24 14:40:50", "coorder": 100, "pointtype": "C", "data": 70}}, {"pk": 1946, "model": "dataexplorer.datapoint", "fields": {"xpos": 224, "ypos": 301, "value": 80177.331298828096, "entrymode": "W", "radius": 10, "user": 1, "offset": 501.0, "taken": "2011-08-24 14:40:50", "coorder": 101, "pointtype": "C", "data": 70}}, {"pk": 1947, "model": "dataexplorer.datapoint", "fields": {"xpos": 669, "ypos": 532, "value": 430978.51000000001, "entrymode": "W", "radius": 10, "user": 1, "offset": 0.0, "taken": "2011-08-24 14:40:54", "coorder": null, "pointtype": "S", "data": 38}}, {"pk": 1948, "model": "dataexplorer.datapoint", "fields": {"xpos": 622, "ypos": 578, "value": 21794.240000000002, "entrymode": "W", "radius": 10, "user": 1, "offset": 65.0, "taken": "2011-08-24 14:40:54", "coorder": null, "pointtype": "B", "data": 38}}, {"pk": 1949, "model": "dataexplorer.datapoint", "fields": {"xpos": 343, "ypos": 675, "value": 362366.64187622099, "entrymode": "W", "radius": 10, "user": 1, "offset": 355.0, "taken": "2011-08-24 14:40:54", "coorder": 99, "pointtype": "C", "data": 38}}, {"pk": 1950, "model": "dataexplorer.datapoint", "fields": {"xpos": 445, "ypos": 428, "value": 95956.621177673296, "entrymode": "W", "radius": 10, "user": 1, "offset": 246.0, "taken": "2011-08-24 14:40:54", "coorder": 100, "pointtype": "C", "data": 38}}, {"pk": 1951, "model": "dataexplorer.datapoint", "fields": {"xpos": 224, "ypos": 301, "value": 76730.169677734404, "entrymode": "W", "radius": 10, "user": 1, "offset": 501.0, "taken": "2011-08-24 14:40:54", "coorder": 101, "pointtype": "C", "data": 38}}, {"pk": 1952, "model": "dataexplorer.datapoint", "fields": {"xpos": 669, "ypos": 532, "value": 425854.03999999998, "entrymode": "W", "radius": 10, "user": 1, "offset": 0.0, "taken": "2011-08-24 14:40:58", "coorder": null, "pointtype": "S", "data": 72}}, {"pk": 1953, "model": "dataexplorer.datapoint", "fields": {"xpos": 622, "ypos": 578, "value": 25669.950000000001, "entrymode": "W", "radius": 10, "user": 1, "offset": 65.0, "taken": "2011-08-24 14:40:58", "coorder": null, "pointtype": "B", "data": 72}}, {"pk": 1954, "model": "dataexplorer.datapoint", "fields": {"xpos": 343, "ypos": 675, "value": 365158.988723755, "entrymode": "W", "radius": 10, "user": 1, "offset": 355.0, "taken": "2011-08-24 14:40:58", "coorder": 99, "pointtype": "C", "data": 72}}, {"pk": 1955, "model": "dataexplorer.datapoint", "fields": {"xpos": 445, "ypos": 428, "value": 99704.540985107393, "entrymode": "W", "radius": 10, "user": 1, "offset": 246.0, "taken": "2011-08-24 14:40:58", "coorder": 100, "pointtype": "C", "data": 72}}, {"pk": 1956, "model": "dataexplorer.datapoint", "fields": {"xpos": 224, "ypos": 301, "value": 80333.913909912095, "entrymode": "W", "radius": 10, "user": 1, "offset": 501.0, "taken": "2011-08-24 14:40:58", "coorder": 101, "pointtype": "C", "data": 72}}, {"pk": 1957, "model": "dataexplorer.datapoint", "fields": {"xpos": 669, "ypos": 532, "value": 425932.81, "entrymode": "W", "radius": 10, "user": 1, "offset": 0.0, "taken": "2011-08-24 14:41:02", "coorder": null, "pointtype": "S", "data": 39}}, {"pk": 1958, "model": "dataexplorer.datapoint", "fields": {"xpos": 622, "ypos": 578, "value": 21711.720000000001, "entrymode": "W", "radius": 10, "user": 1, "offset": 65.0, "taken": "2011-08-24 14:41:02", "coorder": null, "pointtype": "B", "data": 39}}, {"pk": 1959, "model": "dataexplorer.datapoint", "fields": {"xpos": 343, "ypos": 675, "value": 360986.38840484602, "entrymode": "W", "radius": 10, "user": 1, "offset": 355.0, "taken": "2011-08-24 14:41:02", "coorder": 99, "pointtype": "C", "data": 39}}, {"pk": 1960, "model": "dataexplorer.datapoint", "fields": {"xpos": 445, "ypos": 428, "value": 95557.806678772002, "entrymode": "W", "radius": 10, "user": 1, "offset": 246.0, "taken": "2011-08-24 14:41:02", "coorder": 100, "pointtype": "C", "data": 39}}, {"pk": 1961, "model": "dataexplorer.datapoint", "fields": {"xpos": 224, "ypos": 301, "value": 76158.720718383804, "entrymode": "W", "radius": 10, "user": 1, "offset": 501.0, "taken": "2011-08-24 14:41:02", "coorder": 101, "pointtype": "C", "data": 39}}, {"pk": 1962, "model": "dataexplorer.datapoint", "fields": {"xpos": 669, "ypos": 532, "value": 429930.84000000003, "entrymode": "W", "radius": 10, "user": 1, "offset": 0.0, "taken": "2011-08-24 14:41:06", "coorder": null, "pointtype": "S", "data": 74}}, {"pk": 1963, "model": "dataexplorer.datapoint", "fields": {"xpos": 622, "ypos": 578, "value": 26951.830000000002, "entrymode": "W", "radius": 10, "user": 1, "offset": 65.0, "taken": "2011-08-24 14:41:06", "coorder": null, "pointtype": "B", "data": 74}}, {"pk": 1964, "model": "dataexplorer.datapoint", "fields": {"xpos": 343, "ypos": 675, "value": 368873.592269897, "entrymode": "W", "radius": 10, "user": 1, "offset": 355.0, "taken": "2011-08-24 14:41:06", "coorder": 99, "pointtype": "C", "data": 74}}, {"pk": 1965, "model": "dataexplorer.datapoint", "fields": {"xpos": 445, "ypos": 428, "value": 101562.982452393, "entrymode": "W", "radius": 10, "user": 1, "offset": 246.0, "taken": "2011-08-24 14:41:06", "coorder": 100, "pointtype": "C", "data": 74}}, {"pk": 1966, "model": "dataexplorer.datapoint", "fields": {"xpos": 224, "ypos": 301, "value": 82314.413993835406, "entrymode": "W", "radius": 10, "user": 1, "offset": 501.0, "taken": "2011-08-24 14:41:06", "coorder": 101, "pointtype": "C", "data": 74}}, {"pk": 1967, "model": "dataexplorer.datapoint", "fields": {"xpos": 669, "ypos": 532, "value": 430490.83000000002, "entrymode": "W", "radius": 10, "user": 1, "offset": 0.0, "taken": "2011-08-24 14:42:28", "coorder": null, "pointtype": "S", "data": 40}}, {"pk": 1968, "model": "dataexplorer.datapoint", "fields": {"xpos": 622, "ypos": 578, "value": 22199.549999999999, "entrymode": "W", "radius": 10, "user": 1, "offset": 65.0, "taken": "2011-08-24 14:42:28", "coorder": null, "pointtype": "B", "data": 40}}, {"pk": 1969, "model": "dataexplorer.datapoint", "fields": {"xpos": 343, "ypos": 675, "value": 362354.45202636701, "entrymode": "W", "radius": 10, "user": 1, "offset": 355.0, "taken": "2011-08-24 14:42:28", "coorder": 99, "pointtype": "C", "data": 40}}, {"pk": 1970, "model": "dataexplorer.datapoint", "fields": {"xpos": 445, "ypos": 428, "value": 95888.579383850098, "entrymode": "W", "radius": 10, "user": 1, "offset": 246.0, "taken": "2011-08-24 14:42:28", "coorder": 100, "pointtype": "C", "data": 40}}, {"pk": 1971, "model": "dataexplorer.datapoint", "fields": {"xpos": 224, "ypos": 301, "value": 76964.521987914995, "entrymode": "W", "radius": 10, "user": 1, "offset": 501.0, "taken": "2011-08-24 14:42:28", "coorder": 101, "pointtype": "C", "data": 40}}, {"pk": 1972, "model": "dataexplorer.datapoint", "fields": {"xpos": 669, "ypos": 532, "value": 419667.31, "entrymode": "W", "radius": 10, "user": 1, "offset": 0.0, "taken": "2011-08-24 15:21:37", "coorder": null, "pointtype": "S", "data": 76}}, {"pk": 1973, "model": "dataexplorer.datapoint", "fields": {"xpos": 622, "ypos": 578, "value": 27804.93, "entrymode": "W", "radius": 10, "user": 1, "offset": 65.0, "taken": "2011-08-24 15:21:37", "coorder": null, "pointtype": "B", "data": 76}}, {"pk": 1974, "model": "dataexplorer.datapoint", "fields": {"xpos": 343, "ypos": 675, "value": 361792.68428039597, "entrymode": "W", "radius": 10, "user": 1, "offset": 355.0, "taken": "2011-08-24 15:21:37", "coorder": 99, "pointtype": "C", "data": 76}}, {"pk": 1975, "model": "dataexplorer.datapoint", "fields": {"xpos": 445, "ypos": 428, "value": 100084.07333374, "entrymode": "W", "radius": 10, "user": 1, "offset": 246.0, "taken": "2011-08-24 15:21:37", "coorder": 100, "pointtype": "C", "data": 76}}, {"pk": 1976, "model": "dataexplorer.datapoint", "fields": {"xpos": 224, "ypos": 301, "value": 81594.199394226103, "entrymode": "W", "radius": 10, "user": 1, "offset": 501.0, "taken": "2011-08-24 15:21:37", "coorder": 101, "pointtype": "C", "data": 76}}, {"pk": 1977, "model": "dataexplorer.datapoint", "fields": {"xpos": 669, "ypos": 532, "value": 431086.13, "entrymode": "W", "radius": 10, "user": 1, "offset": 0.0, "taken": "2011-08-24 15:21:42", "coorder": null, "pointtype": "S", "data": 77}}, {"pk": 1978, "model": "dataexplorer.datapoint", "fields": {"xpos": 622, "ypos": 578, "value": 27412.439999999999, "entrymode": "W", "radius": 10, "user": 1, "offset": 65.0, "taken": "2011-08-24 15:21:42", "coorder": null, "pointtype": "B", "data": 77}}, {"pk": 1979, "model": "dataexplorer.datapoint", "fields": {"xpos": 343, "ypos": 675, "value": 370087.09309387201, "entrymode": "W", "radius": 10, "user": 1, "offset": 355.0, "taken": "2011-08-24 15:21:42", "coorder": 99, "pointtype": "C", "data": 77}}, {"pk": 1980, "model": "dataexplorer.datapoint", "fields": {"xpos": 445, "ypos": 428, "value": 102184.84136962899, "entrymode": "W", "radius": 10, "user": 1, "offset": 246.0, "taken": "2011-08-24 15:21:42", "coorder": 100, "pointtype": "C", "data": 77}}, {"pk": 1981, "model": "dataexplorer.datapoint", "fields": {"xpos": 224, "ypos": 301, "value": 82955.798591613799, "entrymode": "W", "radius": 10, "user": 1, "offset": 501.0, "taken": "2011-08-24 15:21:42", "coorder": 101, "pointtype": "C", "data": 77}}, {"pk": 1982, "model": "dataexplorer.datapoint", "fields": {"xpos": 669, "ypos": 532, "value": 434824.76000000001, "entrymode": "W", "radius": 10, "user": 1, "offset": 0.0, "taken": "2011-08-24 15:21:51", "coorder": null, "pointtype": "S", "data": 41}}, {"pk": 1983, "model": "dataexplorer.datapoint", "fields": {"xpos": 622, "ypos": 578, "value": 21902.77, "entrymode": "W", "radius": 10, "user": 1, "offset": 65.0, "taken": "2011-08-24 15:21:51", "coorder": null, "pointtype": "B", "data": 41}}, {"pk": 1984, "model": "dataexplorer.datapoint", "fields": {"xpos": 343, "ypos": 675, "value": 365834.89318084699, "entrymode": "W", "radius": 10, "user": 1, "offset": 355.0, "taken": "2011-08-24 15:21:51", "coorder": 99, "pointtype": "C", "data": 41}}, {"pk": 1985, "model": "dataexplorer.datapoint", "fields": {"xpos": 445, "ypos": 428, "value": 96937.2449569702, "entrymode": "W", "radius": 10, "user": 1, "offset": 246.0, "taken": "2011-08-24 15:21:51", "coorder": 100, "pointtype": "C", "data": 41}}, {"pk": 1986, "model": "dataexplorer.datapoint", "fields": {"xpos": 224, "ypos": 301, "value": 77700.524665832505, "entrymode": "W", "radius": 10, "user": 1, "offset": 501.0, "taken": "2011-08-24 15:21:51", "coorder": 101, "pointtype": "C", "data": 41}}, {"pk": 1987, "model": "dataexplorer.datapoint", "fields": {"xpos": 669, "ypos": 532, "value": 428025.17999999999, "entrymode": "W", "radius": 10, "user": 1, "offset": 0.0, "taken": "2011-08-24 15:21:54", "coorder": null, "pointtype": "S", "data": 79}}, {"pk": 1988, "model": "dataexplorer.datapoint", "fields": {"xpos": 622, "ypos": 578, "value": 27128.279999999999, "entrymode": "W", "radius": 10, "user": 1, "offset": 65.0, "taken": "2011-08-24 15:21:54", "coorder": null, "pointtype": "B", "data": 79}}, {"pk": 1989, "model": "dataexplorer.datapoint", "fields": {"xpos": 343, "ypos": 675, "value": 368361.64236450201, "entrymode": "W", "radius": 10, "user": 1, "offset": 355.0, "taken": "2011-08-24 15:21:54", "coorder": 99, "pointtype": "C", "data": 79}}, {"pk": 1990, "model": "dataexplorer.datapoint", "fields": {"xpos": 445, "ypos": 428, "value": 101506.144744873, "entrymode": "W", "radius": 10, "user": 1, "offset": 246.0, "taken": "2011-08-24 15:21:54", "coorder": 100, "pointtype": "C", "data": 79}}, {"pk": 1991, "model": "dataexplorer.datapoint", "fields": {"xpos": 224, "ypos": 301, "value": 82398.962524414106, "entrymode": "W", "radius": 10, "user": 1, "offset": 501.0, "taken": "2011-08-24 15:21:54", "coorder": 101, "pointtype": "C", "data": 79}}, {"pk": 1992, "model": "dataexplorer.datapoint", "fields": {"xpos": 669, "ypos": 532, "value": 432354.83000000002, "entrymode": "W", "radius": 10, "user": 1, "offset": 0.0, "taken": "2011-08-24 15:22:00", "coorder": null, "pointtype": "S", "data": 42}}, {"pk": 1993, "model": "dataexplorer.datapoint", "fields": {"xpos": 622, "ypos": 578, "value": 21844.560000000001, "entrymode": "W", "radius": 10, "user": 1, "offset": 65.0, "taken": "2011-08-24 15:22:00", "coorder": null, "pointtype": "B", "data": 42}}, {"pk": 1994, "model": "dataexplorer.datapoint", "fields": {"xpos": 343, "ypos": 675, "value": 363359.60966491699, "entrymode": "W", "radius": 10, "user": 1, "offset": 355.0, "taken": "2011-08-24 15:22:00", "coorder": 99, "pointtype": "C", "data": 42}}, {"pk": 1995, "model": "dataexplorer.datapoint", "fields": {"xpos": 445, "ypos": 428, "value": 96400.355346679702, "entrymode": "W", "radius": 10, "user": 1, "offset": 246.0, "taken": "2011-08-24 15:22:00", "coorder": 100, "pointtype": "C", "data": 42}}, {"pk": 1996, "model": "dataexplorer.datapoint", "fields": {"xpos": 224, "ypos": 301, "value": 77565.072143554702, "entrymode": "W", "radius": 10, "user": 1, "offset": 501.0, "taken": "2011-08-24 15:22:00", "coorder": 101, "pointtype": "C", "data": 42}}, {"pk": 1997, "model": "dataexplorer.datapoint", "fields": {"xpos": 669, "ypos": 532, "value": 429782.13, "entrymode": "W", "radius": 10, "user": 1, "offset": 0.0, "taken": "2011-08-24 15:23:31", "coorder": null, "pointtype": "S", "data": 81}}, {"pk": 1998, "model": "dataexplorer.datapoint", "fields": {"xpos": 622, "ypos": 578, "value": 27761.34, "entrymode": "W", "radius": 10, "user": 1, "offset": 65.0, "taken": "2011-08-24 15:23:31", "coorder": null, "pointtype": "B", "data": 81}}, {"pk": 1999, "model": "dataexplorer.datapoint", "fields": {"xpos": 343, "ypos": 675, "value": 368412.338775635, "entrymode": "W", "radius": 10, "user": 1, "offset": 355.0, "taken": "2011-08-24 15:23:31", "coorder": 99, "pointtype": "C", "data": 81}}, {"pk": 2000, "model": "dataexplorer.datapoint", "fields": {"xpos": 445, "ypos": 428, "value": 101952.44680023201, "entrymode": "W", "radius": 10, "user": 1, "offset": 246.0, "taken": "2011-08-24 15:23:31", "coorder": 100, "pointtype": "C", "data": 81}}, {"pk": 2001, "model": "dataexplorer.datapoint", "fields": {"xpos": 224, "ypos": 301, "value": 83250.086959838896, "entrymode": "W", "radius": 10, "user": 1, "offset": 501.0, "taken": "2011-08-24 15:23:31", "coorder": 101, "pointtype": "C", "data": 81}}, {"pk": 2002, "model": "dataexplorer.datapoint", "fields": {"xpos": 669, "ypos": 532, "value": 432524.28999999998, "entrymode": "W", "radius": 10, "user": 1, "offset": 0.0, "taken": "2011-08-24 15:23:35", "coorder": null, "pointtype": "S", "data": 43}}, {"pk": 2003, "model": "dataexplorer.datapoint", "fields": {"xpos": 622, "ypos": 578, "value": 22201.240000000002, "entrymode": "W", "radius": 10, "user": 1, "offset": 65.0, "taken": "2011-08-24 15:23:35", "coorder": null, "pointtype": "B", "data": 43}}, {"pk": 2004, "model": "dataexplorer.datapoint", "fields": {"xpos": 343, "ypos": 675, "value": 364163.13834381098, "entrymode": "W", "radius": 10, "user": 1, "offset": 355.0, "taken": "2011-08-24 15:23:35", "coorder": 99, "pointtype": "C", "data": 43}}, {"pk": 2005, "model": "dataexplorer.datapoint", "fields": {"xpos": 445, "ypos": 428, "value": 96036.054115295396, "entrymode": "W", "radius": 10, "user": 1, "offset": 246.0, "taken": "2011-08-24 15:23:35", "coorder": 100, "pointtype": "C", "data": 43}}, {"pk": 2006, "model": "dataexplorer.datapoint", "fields": {"xpos": 224, "ypos": 301, "value": 77114.732826232896, "entrymode": "W", "radius": 10, "user": 1, "offset": 501.0, "taken": "2011-08-24 15:23:35", "coorder": 101, "pointtype": "C", "data": 43}}, {"pk": 2007, "model": "dataexplorer.datapoint", "fields": {"xpos": 669, "ypos": 532, "value": 428110.35999999999, "entrymode": "W", "radius": 10, "user": 1, "offset": 0.0, "taken": "2011-08-24 15:23:40", "coorder": null, "pointtype": "S", "data": 83}}, {"pk": 2008, "model": "dataexplorer.datapoint", "fields": {"xpos": 622, "ypos": 578, "value": 28531.040000000001, "entrymode": "W", "radius": 10, "user": 1, "offset": 65.0, "taken": "2011-08-24 15:23:40", "coorder": null, "pointtype": "B", "data": 83}}, {"pk": 2009, "model": "dataexplorer.datapoint", "fields": {"xpos": 343, "ypos": 675, "value": 367407.02104187, "entrymode": "W", "radius": 10, "user": 1, "offset": 355.0, "taken": "2011-08-24 15:23:40", "coorder": 99, "pointtype": "C", "data": 83}}, {"pk": 2010, "model": "dataexplorer.datapoint", "fields": {"xpos": 445, "ypos": 428, "value": 102299.35786438, "entrymode": "W", "radius": 10, "user": 1, "offset": 246.0, "taken": "2011-08-24 15:23:40", "coorder": 100, "pointtype": "C", "data": 83}}, {"pk": 2011, "model": "dataexplorer.datapoint", "fields": {"xpos": 224, "ypos": 301, "value": 83372.970741272002, "entrymode": "W", "radius": 10, "user": 1, "offset": 501.0, "taken": "2011-08-24 15:23:40", "coorder": 101, "pointtype": "C", "data": 83}}, {"pk": 2012, "model": "dataexplorer.datapoint", "fields": {"xpos": 669, "ypos": 532, "value": 421732.65999999997, "entrymode": "W", "radius": 10, "user": 1, "offset": 0.0, "taken": "2011-08-24 15:23:43", "coorder": null, "pointtype": "S", "data": 44}}, {"pk": 2013, "model": "dataexplorer.datapoint", "fields": {"xpos": 622, "ypos": 578, "value": 22088.560000000001, "entrymode": "W", "radius": 10, "user": 1, "offset": 65.0, "taken": "2011-08-24 15:23:43", "coorder": null, "pointtype": "B", "data": 44}}, {"pk": 2014, "model": "dataexplorer.datapoint", "fields": {"xpos": 343, "ypos": 675, "value": 356140.01889038098, "entrymode": "W", "radius": 10, "user": 1, "offset": 355.0, "taken": "2011-08-24 15:23:43", "coorder": 99, "pointtype": "C", "data": 44}}, {"pk": 2015, "model": "dataexplorer.datapoint", "fields": {"xpos": 445, "ypos": 428, "value": 94595.590835571304, "entrymode": "W", "radius": 10, "user": 1, "offset": 246.0, "taken": "2011-08-24 15:23:43", "coorder": 100, "pointtype": "C", "data": 44}}, {"pk": 2016, "model": "dataexplorer.datapoint", "fields": {"xpos": 224, "ypos": 301, "value": 76190.743156433105, "entrymode": "W", "radius": 10, "user": 1, "offset": 501.0, "taken": "2011-08-24 15:23:43", "coorder": 101, "pointtype": "C", "data": 44}}, {"pk": 2017, "model": "dataexplorer.datapoint", "fields": {"xpos": 669, "ypos": 532, "value": 435743.46999999997, "entrymode": "W", "radius": 10, "user": 1, "offset": 0.0, "taken": "2011-08-24 15:23:47", "coorder": null, "pointtype": "S", "data": 85}}, {"pk": 2018, "model": "dataexplorer.datapoint", "fields": {"xpos": 622, "ypos": 578, "value": 29704.349999999999, "entrymode": "W", "radius": 10, "user": 1, "offset": 65.0, "taken": "2011-08-24 15:23:47", "coorder": null, "pointtype": "B", "data": 85}}, {"pk": 2019, "model": "dataexplorer.datapoint", "fields": {"xpos": 343, "ypos": 675, "value": 373543.17272949201, "entrymode": "W", "radius": 10, "user": 1, "offset": 355.0, "taken": "2011-08-24 15:23:47", "coorder": 99, "pointtype": "C", "data": 85}}, {"pk": 2020, "model": "dataexplorer.datapoint", "fields": {"xpos": 445, "ypos": 428, "value": 104840.13265228301, "entrymode": "W", "radius": 10, "user": 1, "offset": 246.0, "taken": "2011-08-24 15:23:47", "coorder": 100, "pointtype": "C", "data": 85}}, {"pk": 2021, "model": "dataexplorer.datapoint", "fields": {"xpos": 224, "ypos": 301, "value": 85918.327667236299, "entrymode": "W", "radius": 10, "user": 1, "offset": 501.0, "taken": "2011-08-24 15:23:47", "coorder": 101, "pointtype": "C", "data": 85}}, {"pk": 2022, "model": "dataexplorer.datapoint", "fields": {"xpos": 669, "ypos": 532, "value": 427904.78000000003, "entrymode": "W", "radius": 10, "user": 1, "offset": 0.0, "taken": "2011-08-24 15:23:53", "coorder": null, "pointtype": "S", "data": 45}}, {"pk": 2023, "model": "dataexplorer.datapoint", "fields": {"xpos": 622, "ypos": 578, "value": 22400.07, "entrymode": "W", "radius": 10, "user": 1, "offset": 65.0, "taken": "2011-08-24 15:23:53", "coorder": null, "pointtype": "B", "data": 45}}, {"pk": 2024, "model": "dataexplorer.datapoint", "fields": {"xpos": 343, "ypos": 675, "value": 361527.04534912098, "entrymode": "W", "radius": 10, "user": 1, "offset": 355.0, "taken": "2011-08-24 15:23:53", "coorder": 99, "pointtype": "C", "data": 45}}, {"pk": 2025, "model": "dataexplorer.datapoint", "fields": {"xpos": 445, "ypos": 428, "value": 96409.850128173799, "entrymode": "W", "radius": 10, "user": 1, "offset": 246.0, "taken": "2011-08-24 15:23:53", "coorder": 100, "pointtype": "C", "data": 45}}, {"pk": 2026, "model": "dataexplorer.datapoint", "fields": {"xpos": 224, "ypos": 301, "value": 77336.146156311006, "entrymode": "W", "radius": 10, "user": 1, "offset": 501.0, "taken": "2011-08-24 15:23:53", "coorder": 101, "pointtype": "C", "data": 45}}, {"pk": 2027, "model": "dataexplorer.datapoint", "fields": {"xpos": 669, "ypos": 532, "value": 436770.28999999998, "entrymode": "W", "radius": 10, "user": 1, "offset": 0.0, "taken": "2011-08-24 15:23:58", "coorder": null, "pointtype": "S", "data": 87}}, {"pk": 2028, "model": "dataexplorer.datapoint", "fields": {"xpos": 622, "ypos": 578, "value": 31340.279999999999, "entrymode": "W", "radius": 10, "user": 1, "offset": 65.0, "taken": "2011-08-24 15:23:58", "coorder": null, "pointtype": "B", "data": 87}}, {"pk": 2029, "model": "dataexplorer.datapoint", "fields": {"xpos": 343, "ypos": 675, "value": 375820.80977630598, "entrymode": "W", "radius": 10, "user": 1, "offset": 355.0, "taken": "2011-08-24 15:23:58", "coorder": 99, "pointtype": "C", "data": 87}}, {"pk": 2030, "model": "dataexplorer.datapoint", "fields": {"xpos": 445, "ypos": 428, "value": 106597.818321228, "entrymode": "W", "radius": 10, "user": 1, "offset": 246.0, "taken": "2011-08-24 15:23:58", "coorder": 100, "pointtype": "C", "data": 87}}, {"pk": 2031, "model": "dataexplorer.datapoint", "fields": {"xpos": 224, "ypos": 301, "value": 87818.002593994097, "entrymode": "W", "radius": 10, "user": 1, "offset": 501.0, "taken": "2011-08-24 15:23:58", "coorder": 101, "pointtype": "C", "data": 87}}, {"pk": 2032, "model": "dataexplorer.datapoint", "fields": {"xpos": 669, "ypos": 532, "value": 428032.92999999999, "entrymode": "W", "radius": 10, "user": 1, "offset": 0.0, "taken": "2011-08-24 15:24:02", "coorder": null, "pointtype": "S", "data": 46}}, {"pk": 2033, "model": "dataexplorer.datapoint", "fields": {"xpos": 622, "ypos": 578, "value": 22451.950000000001, "entrymode": "W", "radius": 10, "user": 1, "offset": 65.0, "taken": "2011-08-24 15:24:02", "coorder": null, "pointtype": "B", "data": 46}}, {"pk": 2034, "model": "dataexplorer.datapoint", "fields": {"xpos": 343, "ypos": 675, "value": 361329.27100372303, "entrymode": "W", "radius": 10, "user": 1, "offset": 355.0, "taken": "2011-08-24 15:24:02", "coorder": 99, "pointtype": "C", "data": 46}}, {"pk": 2035, "model": "dataexplorer.datapoint", "fields": {"xpos": 445, "ypos": 428, "value": 95610.481010436997, "entrymode": "W", "radius": 10, "user": 1, "offset": 246.0, "taken": "2011-08-24 15:24:02", "coorder": 100, "pointtype": "C", "data": 46}}, {"pk": 2036, "model": "dataexplorer.datapoint", "fields": {"xpos": 224, "ypos": 301, "value": 77553.036552429199, "entrymode": "W", "radius": 10, "user": 1, "offset": 501.0, "taken": "2011-08-24 15:24:02", "coorder": 101, "pointtype": "C", "data": 46}}, {"pk": 2037, "model": "dataexplorer.datapoint", "fields": {"xpos": 669, "ypos": 532, "value": 439612.41999999998, "entrymode": "W", "radius": 10, "user": 1, "offset": 0.0, "taken": "2011-08-24 15:24:05", "coorder": null, "pointtype": "S", "data": 89}}, {"pk": 2038, "model": "dataexplorer.datapoint", "fields": {"xpos": 622, "ypos": 578, "value": 32784.589999999997, "entrymode": "W", "radius": 10, "user": 1, "offset": 65.0, "taken": "2011-08-24 15:24:05", "coorder": null, "pointtype": "B", "data": 89}}, {"pk": 2039, "model": "dataexplorer.datapoint", "fields": {"xpos": 343, "ypos": 675, "value": 378456.266586304, "entrymode": "W", "radius": 10, "user": 1, "offset": 355.0, "taken": "2011-08-24 15:24:05", "coorder": 99, "pointtype": "C", "data": 89}}, {"pk": 2040, "model": "dataexplorer.datapoint", "fields": {"xpos": 445, "ypos": 428, "value": 108329.132575989, "entrymode": "W", "radius": 10, "user": 1, "offset": 246.0, "taken": "2011-08-24 15:24:05", "coorder": 100, "pointtype": "C", "data": 89}}, {"pk": 2041, "model": "dataexplorer.datapoint", "fields": {"xpos": 224, "ypos": 301, "value": 88951.872726440401, "entrymode": "W", "radius": 10, "user": 1, "offset": 501.0, "taken": "2011-08-24 15:24:05", "coorder": 101, "pointtype": "C", "data": 89}}, {"pk": 2042, "model": "dataexplorer.datapoint", "fields": {"xpos": 669, "ypos": 532, "value": 437041.71000000002, "entrymode": "W", "radius": 10, "user": 1, "offset": 0.0, "taken": "2011-08-24 15:24:15", "coorder": null, "pointtype": "S", "data": 47}}, {"pk": 2043, "model": "dataexplorer.datapoint", "fields": {"xpos": 622, "ypos": 578, "value": 22649.93, "entrymode": "W", "radius": 10, "user": 1, "offset": 65.0, "taken": "2011-08-24 15:24:15", "coorder": null, "pointtype": "B", "data": 47}}, {"pk": 2044, "model": "dataexplorer.datapoint", "fields": {"xpos": 343, "ypos": 675, "value": 368643.42181396502, "entrymode": "W", "radius": 10, "user": 1, "offset": 355.0, "taken": "2011-08-24 15:24:15", "coorder": 99, "pointtype": "C", "data": 47}}, {"pk": 2045, "model": "dataexplorer.datapoint", "fields": {"xpos": 445, "ypos": 428, "value": 97787.014015197798, "entrymode": "W", "radius": 10, "user": 1, "offset": 246.0, "taken": "2011-08-24 15:24:15", "coorder": 100, "pointtype": "C", "data": 47}}, {"pk": 2046, "model": "dataexplorer.datapoint", "fields": {"xpos": 224, "ypos": 301, "value": 78739.698265075698, "entrymode": "W", "radius": 10, "user": 1, "offset": 501.0, "taken": "2011-08-24 15:24:15", "coorder": 101, "pointtype": "C", "data": 47}}, {"pk": 2047, "model": "dataexplorer.datapoint", "fields": {"xpos": 669, "ypos": 532, "value": 429723.40000000002, "entrymode": "W", "radius": 10, "user": 1, "offset": 0.0, "taken": "2011-08-24 15:24:21", "coorder": null, "pointtype": "S", "data": 91}}, {"pk": 2048, "model": "dataexplorer.datapoint", "fields": {"xpos": 622, "ypos": 578, "value": 33072.610000000001, "entrymode": "W", "radius": 10, "user": 1, "offset": 65.0, "taken": "2011-08-24 15:24:21", "coorder": null, "pointtype": "B", "data": 91}}, {"pk": 2049, "model": "dataexplorer.datapoint", "fields": {"xpos": 343, "ypos": 675, "value": 369854.68106079102, "entrymode": "W", "radius": 10, "user": 1, "offset": 355.0, "taken": "2011-08-24 15:24:21", "coorder": 99, "pointtype": "C", "data": 91}}, {"pk": 2050, "model": "dataexplorer.datapoint", "fields": {"xpos": 445, "ypos": 428, "value": 106273.820541382, "entrymode": "W", "radius": 10, "user": 1, "offset": 246.0, "taken": "2011-08-24 15:24:21", "coorder": 100, "pointtype": "C", "data": 91}}, {"pk": 2051, "model": "dataexplorer.datapoint", "fields": {"xpos": 224, "ypos": 301, "value": 87487.749137878403, "entrymode": "W", "radius": 10, "user": 1, "offset": 501.0, "taken": "2011-08-24 15:24:21", "coorder": 101, "pointtype": "C", "data": 91}}, {"pk": 2052, "model": "dataexplorer.datapoint", "fields": {"xpos": 669, "ypos": 532, "value": 428015.22999999998, "entrymode": "W", "radius": 10, "user": 1, "offset": 0.0, "taken": "2011-08-24 15:24:36", "coorder": null, "pointtype": "S", "data": 48}}, {"pk": 2053, "model": "dataexplorer.datapoint", "fields": {"xpos": 622, "ypos": 578, "value": 22975.290000000001, "entrymode": "W", "radius": 10, "user": 1, "offset": 65.0, "taken": "2011-08-24 15:24:36", "coorder": null, "pointtype": "B", "data": 48}}, {"pk": 2054, "model": "dataexplorer.datapoint", "fields": {"xpos": 343, "ypos": 675, "value": 362011.68611145002, "entrymode": "W", "radius": 10, "user": 1, "offset": 355.0, "taken": "2011-08-24 15:24:36", "coorder": 99, "pointtype": "C", "data": 48}}, {"pk": 2055, "model": "dataexplorer.datapoint", "fields": {"xpos": 445, "ypos": 428, "value": 97019.011398315401, "entrymode": "W", "radius": 10, "user": 1, "offset": 246.0, "taken": "2011-08-24 15:24:36", "coorder": 100, "pointtype": "C", "data": 48}}, {"pk": 2056, "model": "dataexplorer.datapoint", "fields": {"xpos": 224, "ypos": 301, "value": 77530.962158203096, "entrymode": "W", "radius": 10, "user": 1, "offset": 501.0, "taken": "2011-08-24 15:24:36", "coorder": 101, "pointtype": "C", "data": 48}}, {"pk": 2057, "model": "dataexplorer.datapoint", "fields": {"xpos": 521, "ypos": 461, "value": 359016.84999999998, "entrymode": "W", "radius": 10, "user": 2, "offset": 0.0, "taken": "2011-08-25 17:03:50", "coorder": null, "pointtype": "S", "data": 21}}, {"pk": 2058, "model": "dataexplorer.datapoint", "fields": {"xpos": 524, "ypos": 400, "value": 14461.440000000001, "entrymode": "W", "radius": 10, "user": 2, "offset": 60.0, "taken": "2011-08-25 17:03:50", "coorder": null, "pointtype": "B", "data": 21}}, {"pk": 2059, "model": "dataexplorer.datapoint", "fields": {"xpos": 640, "ypos": 555, "value": 28051.486328125, "entrymode": "W", "radius": 10, "user": 2, "offset": 151.0, "taken": "2011-08-25 17:03:50", "coorder": 102, "pointtype": "C", "data": 21}}, {"pk": 2060, "model": "dataexplorer.datapoint", "fields": {"xpos": 317, "ypos": 319, "value": 84270.603515625, "entrymode": "W", "radius": 10, "user": 2, "offset": 248.0, "taken": "2011-08-25 17:03:50", "coorder": 103, "pointtype": "C", "data": 21}}, {"pk": 2061, "model": "dataexplorer.datapoint", "fields": {"xpos": 584, "ypos": 240, "value": 52300.19921875, "entrymode": "W", "radius": 10, "user": 2, "offset": 229.0, "taken": "2011-08-25 17:03:50", "coorder": 104, "pointtype": "C", "data": 21}}, {"pk": 2062, "model": "dataexplorer.datapoint", "fields": {"xpos": 283, "ypos": 862, "value": 46618.53125, "entrymode": "W", "radius": 10, "user": 2, "offset": 466.0, "taken": "2011-08-25 17:03:50", "coorder": 105, "pointtype": "C", "data": 21}}, {"pk": 2063, "model": "dataexplorer.datapoint", "fields": {"xpos": 476, "ypos": 799, "value": 34319.8857421875, "entrymode": "W", "radius": 10, "user": 2, "offset": 341.0, "taken": "2011-08-25 17:03:50", "coorder": 106, "pointtype": "C", "data": 21}}, {"pk": 2069, "model": "dataexplorer.datapoint", "fields": {"xpos": 317, "ypos": 806, "value": 83537.4609375, "entrymode": "W", "radius": 10, "user": 1, "offset": 400.0, "taken": "2011-08-26 16:17:42", "coorder": 97, "pointtype": "C", "data": 20}}, {"pk": 1, "model": "dataexplorer.decision", "fields": {"current": false, "person": 1, "value": "D", "planet": 1, "source": 195, "taken": "2011-07-13 18:38:46"}}, {"pk": 2, "model": "dataexplorer.decision", "fields": {"current": false, "person": 1, "value": "D", "planet": 1, "source": 193, "taken": "2011-07-13 18:38:51"}}, {"pk": 3, "model": "dataexplorer.decision", "fields": {"current": false, "person": 1, "value": "B", "planet": 1, "source": 196, "taken": "2011-07-13 18:38:56"}}, {"pk": 4, "model": "dataexplorer.decision", "fields": {"current": false, "person": 1, "value": "O", "planet": 1, "source": 196, "taken": "2011-07-13 18:38:56"}}, {"pk": 5, "model": "dataexplorer.decision", "fields": {"current": true, "person": 1, "value": "D", "planet": 1, "source": 158, "taken": "2011-07-13 19:24:40"}}, {"pk": 6, "model": "dataexplorer.decision", "fields": {"current": true, "person": 1, "value": "D", "planet": 1, "source": 195, "taken": "2011-08-26 16:18:01"}}, {"pk": 7, "model": "dataexplorer.decision", "fields": {"current": true, "person": 1, "value": "D", "planet": 1, "source": 193, "taken": "2011-08-26 16:18:06"}}, {"pk": 8, "model": "dataexplorer.decision", "fields": {"current": true, "person": 1, "value": "B", "planet": 1, "source": 196, "taken": "2011-08-26 16:18:11"}}, {"pk": 9, "model": "dataexplorer.decision", "fields": {"current": false, "person": 1, "value": "O", "planet": 1, "source": 196, "taken": "2011-08-26 16:18:11"}}, {"pk": 1, "model": "dataexplorer.badge", "fields": {"image": "badge/badge_measurement_1.png", "name": "measurement_1", "description": "1 measurement"}}, {"pk": 2, "model": "dataexplorer.badge", "fields": {"image": "badge/badge_measurement_5.png", "name": "measurement_5", "description": "5 measurements"}}, {"pk": 3, "model": "dataexplorer.badge", "fields": {"image": "badge/badge_measurement_10.png", "name": "measurement_10", "description": "10 measurements"}}, {"pk": 4, "model": "dataexplorer.badge", "fields": {"image": "badge/badge_measurement_25.png", "name": "measurement_25", "description": "25 measurements"}}, {"pk": 5, "model": "dataexplorer.badge", "fields": {"image": "badge/badge_measurement_50.png", "name": "measurement_50", "description": "50 measurements"}}, {"pk": 6, "model": "dataexplorer.badge", "fields": {"image": "badge/badge_measurement_100.png", "name": "measurement_100", "description": "100 measurments"}}, {"pk": 7, "model": "dataexplorer.badge", "fields": {"image": "badge/badge_measurement_250.png", "name": "measurement_250", "description": "250 measurements"}}, {"pk": 8, "model": "dataexplorer.badge", "fields": {"image": "badge/badge_measurement_500.png", "name": "measurement_500", "description": "500 measurements"}}, {"pk": 9, "model": "dataexplorer.badge", "fields": {"image": "badge/badge_measurement_1000.png", "name": "measurement_1000", "description": "1000 measurements"}}, {"pk": 10, "model": "dataexplorer.badge", "fields": {"image": "badge/badge_measurement_1500.png", "name": "measurement_1500", "description": "1500 measurements"}}, {"pk": 11, "model": "dataexplorer.badge", "fields": {"image": "badge/badge_measurement_2000.png", "name": "measurement_2000", "description": "2000 measurements"}}, {"pk": 12, "model": "dataexplorer.badge", "fields": {"image": "badge/badge_calibrators_3.png", "name": "calibrator_3", "description": "3 calibrators"}}, {"pk": 13, "model": "dataexplorer.badge", "fields": {"image": "badge/badge_calibrators_5.png", "name": "calibrator_5", "description": "5 calibrators"}}, {"pk": 14, "model": "dataexplorer.badge", "fields": {"image": "badge/badge_calibrators_10.png", "name": "calibrator_10", "description": "10 calibrators"}}, {"pk": 15, "model": "dataexplorer.badge", "fields": {"image": "badge/badge_calibrators_15.png", "name": "calibrator_15", "description": "15 calibrators"}}, {"pk": 16, "model": "dataexplorer.badge", "fields": {"image": "badge/badge_calibrators_25.png", "name": "calibrator_25", "description": "25 calibrators"}}, {"pk": 17, "model": "dataexplorer.badge", "fields": {"image": "badge/badge_lightcurve_1star.png", "name": "lightcurve_1star", "description": "Lightcurve beginner"}}, {"pk": 18, "model": "dataexplorer.badge", "fields": {"image": "badge/badge_lightcurve_2star.png", "name": "lightcurve_2star", "description": "Lightcurve intermediate"}}, {"pk": 19, "model": "dataexplorer.badge", "fields": {"image": "badge/badge_lightcurve_3star.png", "name": "lightcurve_3star", "description": "Lightcurve advanced"}}, {"pk": 20, "model": "dataexplorer.badge", "fields": {"image": "badge/badge_completed_1.png", "name": "completed_1", "description": "Completed 1 dataset"}}, {"pk": 21, "model": "dataexplorer.badge", "fields": {"image": "badge/badge_completed_2.png", "name": "completed_2", "description": "Completed 2 datasets"}}, {"pk": 22, "model": "dataexplorer.badge", "fields": {"image": "badge/badge_completed_3.png", "name": "completed_3", "description": "Completed 3 dataset"}}, {"pk": 23, "model": "dataexplorer.badge", "fields": {"image": "badge/badge_completed_4.png", "name": "completed_4", "description": "Completed 4 datasets"}}, {"pk": 24, "model": "dataexplorer.badge", "fields": {"image": "badge/badge_completed_5.png", "name": "completed_5", "description": "Completed 5 datasets"}}, {"pk": 25, "model": "dataexplorer.badge", "fields": {"image": "badge/badge_planet_1.png", "name": "planet_1", "description": "1 exoplanet"}}, {"pk": 26, "model": "dataexplorer.badge", "fields": {"image": "badge/badge_planet_2.png", "name": "planet_2", "description": "2 planets"}}, {"pk": 27, "model": "dataexplorer.badge", "fields": {"image": "badge/badge_planet_3.png", "name": "planet_3", "description": "3 planets"}}, {"pk": 28, "model": "dataexplorer.badge", "fields": {"image": "badge/badge_planet_4.png", "name": "planet_4", "description": "4 planets"}}, {"pk": 29, "model": "dataexplorer.badge", "fields": {"image": "badge/badge_planet_5.png", "name": "planet_5", "description": "5 planets"}}, {"pk": 30, "model": "dataexplorer.badge", "fields": {"image": "badge/badge_planet_6.png", "name": "planet_6", "description": "6 planets"}}, {"pk": 31, "model": "dataexplorer.badge", "fields": {"image": "badge/badge_planet_7.png", "name": "planet_7", "description": "7 planets"}}, {"pk": 32, "model": "dataexplorer.badge", "fields": {"image": "badge/badge_top_measurer.png", "name": "top_measurer", "description": "Top Measurer"}}, {"pk": 33, "model": "dataexplorer.badge", "fields": {"image": "badge/badge_manual.png", "name": "manual", "description": "I've read the manual"}}, {"pk": 1, "model": "dataexplorer.achievement", "fields": {"planet": 1, "person": 1, "badge": 20, "awarded": "2011-08-24 13:25:22"}}, {"pk": 2, "model": "dataexplorer.achievement", "fields": {"planet": 2, "person": 1, "badge": 1, "awarded": "2011-08-24 14:27:50"}}, {"pk": 3, "model": "dataexplorer.achievement", "fields": {"planet": 2, "person": 1, "badge": 12, "awarded": "2011-08-24 14:27:50"}}, {"pk": 4, "model": "dataexplorer.achievement", "fields": {"planet": 2, "person": 1, "badge": 26, "awarded": "2011-08-24 14:27:50"}}, {"pk": 5, "model": "dataexplorer.achievement", "fields": {"planet": 2, "person": 1, "badge": 2, "awarded": "2011-08-24 14:31:57"}}, {"pk": 6, "model": "dataexplorer.achievement", "fields": {"planet": 2, "person": 1, "badge": 3, "awarded": "2011-08-24 14:32:20"}}, {"pk": 7, "model": "dataexplorer.achievement", "fields": {"planet": 1, "person": 1, "badge": 21, "awarded": "2011-08-24 15:00:06"}}, {"pk": 8, "model": "dataexplorer.achievement", "fields": {"planet": 2, "person": 1, "badge": 4, "awarded": "2011-08-24 15:21:42"}}, {"pk": 9, "model": "dataexplorer.achievement", "fields": {"planet": 1, "person": 2, "badge": 1, "awarded": "2011-08-25 17:03:50"}}, {"pk": 10, "model": "dataexplorer.achievement", "fields": {"planet": 1, "person": 2, "badge": 12, "awarded": "2011-08-25 17:03:50"}}, {"pk": 11, "model": "dataexplorer.achievement", "fields": {"planet": 1, "person": 2, "badge": 13, "awarded": "2011-08-25 17:03:50"}}, {"pk": 12, "model": "dataexplorer.achievement", "fields": {"planet": 1, "person": 2, "badge": 26, "awarded": "2011-08-25 17:03:50"}}, {"pk": 13, "model": "dataexplorer.achievement", "fields": {"planet": 1, "person": 1, "badge": 12, "awarded": "2011-08-26 16:17:42"}}, {"pk": 14, "model": "dataexplorer.achievement", "fields": {"planet": 1, "person": 1, "badge": 26, "awarded": "2011-08-26 16:17:42"}}, {"pk": 15, "model": "dataexplorer.achievement", "fields": {"planet": 1, "person": 1, "badge": 17, "awarded": "2011-08-26 16:17:42"}}, {"pk": 17, "model": "dataexplorer.achievement", "fields": {"planet": null, "person": 1, "badge": 33, "awarded": "2011-09-20 11:47:57"}}]
